"operator","id"
"A.B.Tour And Travels",1
"A D T C Tour And Travels",2
"A One Travel Agency",3
"A.R.M.T Co.",4
"A R T Tours And Travels",5
"A R Travels",6
"A S Bus",7
"A V S Transport",8
"A Vinayak Travels",9
"A1  Arthi  Travels",10
"A1    Travels",11
"Aaa Travels",12
"Aadavan Travels (City Express)",13
"Aadesh Travels",14
"Aadi Raj Travels",15
"Aadithya Travels",16
"Aakash Roadlines Pvt Ltd",17
"Aakash Travels",18
"Aakash  Travels",19
"Aakka Tours And Travels",20
"Aarna Enterprise",21
"Aarna  Travel",22
"Aarna Travels",23
"Aashin Travels (Under Astc)",24
"Aashu Ruchi Travels",25
"Aayush Travels",26
"Ab Travels",27
"Abc Travels",28
"Abha Travels",29
"Abha Travels",30
"Abhimanyu Tours And Travels",31
"Abhimanyu Travels",32
"Abhinandan Travels",33
"Abhinav Tours And Travels",34
"Abhishek Travel",35
"Abhishek Travels",36
"Abhishek   Travels",37
"Abi And Abi Express",38
"Abi And Abi Express   Travels",39
"Abinaya Travels",40
"Aboli Tours And Travels Private Ltd",41
"Abp Airport Ride",42
"Abp Travels",43
"Abs Bus",44
"Abt Express",45
"Abtc Travels",46
"Abtc Tour And Travels",47
"Adinatheshwara Roadlines",48
"Aditya Buses",49
"Aditya Enterprises",50
"Aditya   Travels",51
"Adventure Booking Center",52
"Aeon   Connect",53
"Aeroline Tour And Travels",54
"Aeroline Travel",55
"Afshee Travels",56
"Ag Bus Services",57
"Aggarwal Travels",58
"Agni Veera Travels",59
"Agniputhra Transports",60
"Agr Travels",61
"Agra Travels",62
"Agrasar Travels",63
"Agrawal  Travels",64
"Ahil K.R.D  Travels",65
"Ahmed Travels",66
"Ahmed Tourist Hyd",67
"Ahmed Travel",68
"Air Bus Travels",69
"Air Indiaa Travels",70
"Airzone Travels India",71
"Aishwarya  Travels",72
"Aitiana Travels",73
"Ajara  Travels",74
"Ajay Raj Travel Agency",75
"Ajay Shreenath Travellers",76
"Ajay  Travels",77
"Ajay Travels Neemuch",78
"Ajith  Travels",79
"Ajna Travels",80
"Akanksha  Tourism",81
"Akanksha Travels",82
"Akash Travels",83
"Akash    Travels",84
"Akash Travels Agency",85
"Akash Travels Jalgaon",86
"Akbar   Travels",87
"Akbar Travels Mumbai",88
"Akbar Travels Of India Pvt. Ltd.",89
"Akshaya Travels",90
"Al  Madeena Travels",91
"Ala Logistics",92
"Albeli Sarkar Tours And Travels",93
"Albeli Sarkar Tours & Travels Pvt. Ltd.",94
"Alhind Tours And Travels Pvt Ltd",95
"Ali Coach Betul",96
"Ali Gagan Tourist",97
"Alka Travels",98
"Alpha Travels",99
"Ama Travels",100
"Amaals Travels",101
"Amaltas Travels",102
"Amar Jyoti Carriers Pvt. Ltd.",103
"Amar Jyoti Travels",104
"Amar Travels",105
"Amardeep Tours And Travels",106
"Amardeep Travels",107
"Amarnath    Travels",108
"Amba Bhavani Travels",109
"Amber Travels",110
"Amber Travels",111
"Ambey  Travel  Agency",112
"Ambey  Travels",113
"Ambica Travels",114
"Ambika Travels",115
"Ameena  Travels",116
"Amit Transport Co",117
"Amit Travels",118
"Vrcr Travels (Amkgn)",119
"Amr Travels",120
"Amritsar City Tour",121
"Ams Travel Agency",122
"Amul Travels",123
"A.N. Holidays",124
"Anadi Travels",125
"Anand Tourist",126
"Anand  Travel",127
"Ananda Travels",128
"Andaman Beach Travels",129
"Angel Travels Pune",130
"Anika Tours And Travels",131
"Aniruddha Travels",132
"Anita Maya Travels",133
"Anjali Abhishek Bapasitaram Travels",134
"Anjali Travels",135
"Anjani Roadways",136
"Anjaniputra Travels",137
"Ankita Paribahan",138
"Ankur Travels",139
"Ankush   Travels",140
"Annamalai  Travels",141
"Annannya Deepak Travels",142
"Annapurna Jatri Paribahan Parisheba",143
"Annpurna Motors",144
"Anshi Tour And Travels",145
"Ant Travels Pvt Ltd.",146
"Anubam Tours And Travels",147
"Anukool  Travels",148
"Anuraag Travels(Under Royal)",149
"Anurag Travels",150
"Anushka Travels",151
"Aone Tourist Agency",152
"Ap Travels",153
"Ap Travels Gulbarga",154
"Ap  Travels",155
"Apex Chandra Travels",156
"Apj Cabs",157
"Aplus Vision Opc Pvt Limited",158
"Apple Bus",159
"Apple Tours And Travels",160
"Apple Travels",161
"Apr Travels",162
"Aps Travels",163
"Apsara Holiday Tours",164
"Apsara Services",165
"Apsrtc",166
"Ar And Bcvr Travels",167
"Ar Travels",168
"Aradhana Bus Service",169
"Arasu Transports",170
"Aravinda Travels",171
"Arb Express",172
"Archana Holidays",173
"Arhans Travels",174
"Arivazhagi Travels",175
"Arjun Travels",176
"Arl  Bus",177
"Arl Travels",178
"Arm Travels",179
"Aron Transports",180
"Arora Travels",181
"Arrow  Travels",182
"Arsh Travels",183
"Arshiya Travels",184
"Arthi Travels",185
"Arun Travels",186
"Aruna Senthil Bus Service",187
"Aruthra Tours & Travels",188
"Arya Travels",189
"Arzoo Travels",190
"Asbath Bus Service",191
"Asbath Travels",192
"Ascar Travels",193
"Asha Travels",194
"Asha Travels",195
"Asha  Travels",196
"Ashapura  Travels",197
"Ashik Travels Pvt. Ltd.",198
"Ashirvad Travels",199
"Ashok Bus Service",200
"Ashok Travels Bhilwara",201
"Ashok Travels Agra",202
"Ashok Travels",203
"Ashok Travels Mandsaur Group",204
"Ashok   Travels",205
"Ashok       Travels",206
"Ashok          Travels",207
"Ashok Travels",208
"Ashok Travels Ajmer",209
"Ashok Travels",210
"Ashok Travels Gwalior",211
"Ashok Travels Regd",212
"Ashok Travels Regd.",213
"Ashoka Travels",214
"Ashoka Translines",215
"Ashoka Travels",216
"Ashoka Travels",217
"Ashray Travels",218
"Ashwamedha Flywings",219
"Ashwamedha Roadlines",220
"Ashwamegh Travels Agency",221
"Ashwamegh  Travels Agency",222
"Ashwamegh Travels Agency Rajkot",223
"Ashwin Roadways Pvt.Ltd",224
"Ashwin Roadways",225
"Ashwini Travels",226
"Ashwini Travels",227
"Asian Bus Express",228
"Asian Travelink",229
"Asian Xpress",230
"Asians Shina Travels",231
"Aski Ar Transport",232
"Asmat Travels",233
"Ast Travels",234
"Astc",235
"Atc Megha Bus",236
"Atharva Travels",237
"Atithi   Travels",238
"Atlas Travel Links",239
"Atlas  Travels",240
"Atmaram  Travels",241
"Atmaram  Travels Goa",242
"Attur Agro Chemical Industries",243
"Auodumbar Travels",244
"Avadh Travels",245
"Avadhoot Travels",246
"Avk   Travels",247
"Avr Travels",248
"Avrmv",249
"Avs  Travels",250
"Awadh Travels India Regd",251
"Azeem Tours And Travels",252
"Azeem Travels",253
"Azul Transports",254
"B K Travels",255
"B R Travels",256
"B S Holiday Travels",257
"Baba Baidynath Travels",258
"Baba Deep Singh Travels (Amritsar)",259
"Baba Travels",260
"Baba Travels",261
"Babai Tour And Travels",262
"Babu  Travels",263
"Babu Travels Indore",264
"Baglamukhi Holidays",265
"Baikuntha Travels(Under Astc)",266
"Bajrang Shreeji Travels",267
"Balaji Bus Service",268
"Balaji Cabs",269
"Balaji Travels",270
"Balaji    Travels",271
"Balaji     Travels",272
"Balaji       Travels",273
"Balaji Travels India Regd",274
"Baldev  Travels",275
"Balmukund Travels",276
"Balumama Travels",277
"Banjara Satguru  Travels",278
"Bansidhar Travels",279
"Bapa Sitaram Travels",280
"Barbie Travels",281
"Barde Roadlines",282
"Barkha Travels",283
"Barkoti Travels Sagar",284
"Barmer Travels",285
"Basu Travels",286
"Bcc Travels",287
"Bedi Holidays",288
"Bedi  Travels",289
"Bengal Surface Transport",290
"Bengal  Tiger",291
"Beniwal Travels",292
"Best Travels",293
"Bethlehem  Transports",294
"Betwa Tourist Bus Service",295
"Bfc Holidays",296
"Bg Travels",297
"Bgs  Travels",298
"Bhadoriya Travels",299
"Bhagwath Travels",300
"Bhagwati Travels",301
"Bhagwati Travels",302
"Bhagya Shree Tour And Travel",303
"Bhagyalaxmi  Travels",304
"Bhagyalaxmi   Travels",305
"Bhagyashri Tours And Travels",306
"Bhakti Tours And Travels",307
"Bhambhu Travels",308
"Bharat Express",309
"Bharat Paryatan (Patliputra Services)",310
"Bharat Travels",311
"Bharat Yatra Bus",312
"Bharath Tour And Travels",313
"Bharathi Holidays",314
"Bharathi Tourist",315
"Bharathi  Tours And Travels",316
"Bharathi  Travels",317
"Bharuka Travels",318
"Bhavana Tours And Travels",319
"Bhavya Tours And Travels",320
"Bhawani Travels",321
"Bhawani Travels (Jpr)",322
"Bhawani Travels (Shiv Shakti)",323
"Bholanath Travels (Under Astc)",324
"Bholenath Travels",325
"Bhopal  Travels",326
"Bhumi Travels",327
"Bhupatinath Travels",328
"Bhutadaj Shriphal Travels",329
"Bibek Travels",330
"Bigbus",331
"Bihar State Road Transport Corporation (Bsrtc)",332
"Bihar State Tourism Development Corporation (Bstdc)",333
"Bijay Bus Service",334
"Bijoyatra Travels",335
"Bilal Tours And Travels",336
"Bis Travels",337
"Bishnupriya Travels",338
"Black Oasis Tours And Travels",339
"Blossom Travels",340
"Blue Bird Travels",341
"Blue Birds Travels",342
"Blue Heaven Tour And Travels",343
"Blue Hill Travels India Ltd",344
"Blue Hills Travels",345
"Blue Horse Travels",346
"Blue Moon Travels",347
"Blue  Mount Travels",348
"Blue World Tourist Company",349
"Blueworld Tourist Private Limited",350
"Bms Travels",351
"Bnr Travels",352
"Bol Bum Travel",353
"Bombay Safari",354
"Bombay Travels",355
"Boom Shankar Tour And Travels",356
"Boys Travels",357
"Brahmaputra (Simran)",358
"Brahmaputra Travels",359
"Brham Tour And Travels",360
"Bright Jabbar Travels",361
"Brl Travels",362
"Brp Travels",363
"Brs Travels",364
"Bsp Bus",365
"Bsp Travels",366
"Bsr Travels",367
"Bsrtc Operated By Vip Travels",368
"Bstc Volvo",369
"Btm   Travels",370
"Bts Bundelkhand Transport Services Llp",371
"Btt Bundelkhand Tours And Travels",372
"Bulbul  Travels",373
"Bullet Bus",374
"Bundelkhand Motar Transport Company",375
"Buniyadi Travels",376
"Bus Plus Services",377
"Bvr Travels",378
"C M Travels",379
"Cab India Travels",380
"Cabs Den Private Ltd",381
"Canara Pinto  Travels",382
"Canara   Tourist",383
"Canara  Travels",384
"Cape Town Travels",385
"Capital Tours India Pvt. Ltd.",386
"Capital Travels",387
"Carnival Holidays  Mumbai",388
"Cashless Tours And Travels",389
"Cauvery  Travels",390
"Ccr Travels",391
"Cee Jay Trans",392
"Cgr  Travels",393
"Chachan Travels",394
"Chain Inter State Service Agency",395
"Chakadola Travels",396
"Chalantika Tours Private Limited",397
"Challenger",398
"Champaty Travels",399
"Chamunda Tour And Travel",400
"Chanakya Travels",401
"Chanchal  Travel",402
"Chandana Holidays",403
"Chandana Travels",404
"Chandra And Bhawani Travels",405
"Chandra Kripa Travels",406
"Chandra Travel Singhana",407
"Chandralok Travels",408
"Chandramukhi Travels",409
"Chandu Sri Srinivasa Travels",410
"Chandu Travels",411
"Charminar Travels",412
"Chartered Bus",413
"Charu Tours And Travels",414
"Chaturvedi Bus Service",415
"Chaturvedi Travels",416
"Chetak Travelling Agency",417
"Chhabra Bus Service",418
"Chhabra   Travel",419
"Chhabra Travels",420
"Chinmayee Travels",421
"Chintamani Travels",422
"Chintamani Travels Jalna",423
"Chirag Maa Vaishno Travels",424
"Chirag Tours And Travels Agency Yatra Company",425
"Chirag Travels",426
"Chirag  Travels Agency",427
"Chirag Travels Co",428
"Chitale Tours And Travels",429
"Choice Tours And Travels",430
"Choudhary Bus Service",431
"Choudhary Tour Service",432
"Choudhary Travels",433
"Chouhan Tour And Travel",434
"Chouhan Travels",435
"Chouhan Travels And Cargo",436
"Chowdhury Travels",437
"Citi Tours",438
"Citizen Travel Mumbai",439
"Citizen Travels",440
"Citizen    Travels",441
"Citizen Travels Gwalior",442
"Citizen Travels  Pune",443
"City Express",444
"City  Express  Travels",445
"City Express Travels (Trichy)",446
"City Heart Travels(Regd.)",447
"City  Land  Travels",448
"City Travels",449
"Citylink   Travels",450
"Cmr Express",451
"Comfort Tours And Travels",452
"Conti  Travels",453
"Cool Cool Tour And Travels",454
"Cool Cool Travels",455
"Cool Himachal Tour And Travels",456
"Corporate Travels",457
"Country Line Travels And Cargo",458
"Covai Express Tours And Travels",459
"Crescent Tours And Travels",460
"Crl Travels",461
"Khusboo Travels",462
"Csk  Travels",463
"Ctc Prince Travels",464
"Ctc Travels",465
"Ctc Travels Chn",466
"Cts  Travels And  Tours",467
"Cumbum Travels Vaigai",468
"Cvr Travels",469
"Cvt Bus",470
"D And S Enterprise",471
"D K Travels",472
"Dadar Travels   Mumbai",473
"Dadi Maa  Travels",474
"Dadimaa Travels",475
"Daily Transport Service",476
"Dakshin Roadlines",477
"Damayanti Service",478
"Damodar Tours And Travels",479
"Darbar Travels",480
"Darshana Travels",481
"Das And Das Bus  Service",482
"Das Travels",483
"Dashmesh Travels (P) Ltd",484
"Datta Krupatravels",485
"Daughters Of Ashok Tour And Travels",486
"Daukiya Travels",487
"Dax Travels",488
"Dayan And Company",489
"Deccan Tours And Travels",490
"Deccan Travels",491
"Deenu Tours And Travel",492
"Deep       Travels",493
"Deep     Travels",494
"Deep Tours And Travels",495
"Deepak Tour And Travels",496
"Deepak Transport Company",497
"Deepak Travels",498
"Deepam Travels",499
"Deepika Tours And Travels",500
"Deepna Travels",501
"Deepthi Travels",502
"Delhi Heart Vikas Travels",503
"Delhi Tours And Travels",504
"Delta Travels",505
"Deluxe Bus Service (Regd.)",506
"Dev Lines",507
"Dev Tour And Travels",508
"Dev Travels",509
"Devaki Travels",510
"Deval Travels",511
"Devi Krupa Travels",512
"Devkrupa Travels",513
"Dhakad Travels",514
"Dhan Ji Travels",515
"Dhanalakshmi Travels",516
"Dhanam Travels",517
"Dhanu S Travels",518
"Dhanunjaya Bus",519
"Dhanunjaya Travels",520
"Dhanush Tours And Travels",521
"Dharani Tours And Travels",522
"Dhariwal Harsh Travels",523
"Dhariwal    Travels",524
"Dhariwal Travels  Mumbai",525
"Dharmendra Travels",526
"Dharti Travels",527
"Dhruv Travels",528
"Diamond  Motors",529
"Diamond Tours And Travels",530
"Diamond   Travels",531
"Diamond Travels",532
"Diana  Travels",533
"Dilip Sai Krishna Tours And Travels",534
"Dirba Travels",535
"Discovery Express",536
"Disha Tours And Travels",537
"Disha Tours And Travels",538
"District Travels",539
"Divyanshu Travels",540
"Diwakar Travels",541
"Diwakar Travels",542
"Diya Bus",543
"Diya   Travels",544
"Dream Liner Travels",545
"Dmr Travels",546
"Dnr Express",547
"Dns Sakthi Travels",548
"Dolphin  Travel  House",549
"Dolphin Tours And Travels",550
"Dolphin Travels House",551
"Dream Bus Travels",552
"Dream Flyer Tours And Travels",553
"Dreamland Travels",554
"Dreamliner Travels",555
"Dreams Connect",556
"Dreams Travels",557
"Drk Travels",558
"Drs  Travels",559
"Ds Sodha Travels",560
"Ds Travels",561
"Dsp Tourist",562
"Dubey Travels",563
"Durga Bus Service",564
"Durga Travel Lines",565
"Durga Travels",566
"Durga   Travels",567
"Durgamba  Motors",568
"Dwaraka Tours & Travels Pvt Ltd",569
"Dwaraka Travels",570
"E Bus India",571
"Eagle L.K.Travels",572
"Eagle Shree Rishabh Travels   Udr",573
"Eagle Tradelinkspvt Ltd",574
"Eagle Travels",575
"Eagle Travels   Udaipur",576
"Eappen Travels",577
"East West Travels",578
"Ebenezer Holidays",579
"Ebenezer Logistics",580
"Egloo Travels",581
"Ekta Tours And Travels",582
"Ekta Travels",583
"Emerald Travels",584
"Emirate Travels",585
"Empire Travels",586
"Empire Travels And Cargo",587
"Eshan Logistic Pvt. Ltd.",588
"Ess Kay Express",589
"Essaar",590
"Essaar",591
"Evacay Bus",592
"Evans Tours And Travels",593
"Evergreen Travels",594
"Excel  Travels",595
"Exodus Bus",596
"Expresso Cityway",597
"Ex Service Man Dependent Tourist Service",598
"Eagle Falcon Bus",599
"Falcon Tour And Travels",600
"Falcon Travels Agency",601
"Fareena Tours And Travels",602
"Fasttrack Travels",603
"Fernandes Toursandtravels",604
"Fernandes Travels",605
"Finch Travels",606
"Five Star Travels",607
"Fk Mallik Travels",608
"Flexi Trips",609
"Fouji Tourist  Service",610
"Fouji Travels",611
"Four   Hans Travels",612
"Four Hans Travels Ho",613
"Fox Travel",614
"Friends Bus",615
"Friends   Travels",616
"Friends    Travels",617
"G R Travels",618
"Gagan Tour And Travels",619
"Gagan  Tourist",620
"Gagan Tours & Travels",621
"Gagan     Travels",622
"Gagan Travels Shivpuri",623
"Gagana Travels",624
"Gajal Travels",625
"Gajantlaxmi Travels",626
"Gajraj Bus Service",627
"Gajraj Travels",628
"Galaxy",629
"Galaxy Express",630
"Galaxy Tours",631
"Galaxy Travels",632
"Ganapathi Travels",633
"Ganesh Tours And Holidays",634
"Ganesh     Travels",635
"Ganesh      Travels",636
"Ganesh          Travels",637
"Ganesh Travels And Tours",638
"Ganga Tour And Travels",639
"Ganga   Travels",640
"Ganga Travels",641
"Gangadhar Travels",642
"Gangesh Tours And Travels",643
"Gangothri Travels",644
"Ganraj Tours And Travels",645
"Garhwal Motor Owners Union Ltd.(Gmou)",646
"Garib Rath Travels",647
"Garud Travels",648
"Garudalaya Express",649
"Gauri Shankar Tours And Travels",650
"Gauri Tours And Travels",651
"Gautam Bus Service",652
"Gautam Travels",653
"Gayaka Travels",654
"Gayatri Travels",655
"Gayatri Travels",656
"Gdr Tours And Travels",657
"Geepee Ahmed  Travels",658
"Geeta'S Tours Travels And Logistics",659
"Geetanjali Travels",660
"Geo Direct It Services Pvt Ltd",661
"Ghanshyam  Travels",662
"Ghosh Travels",663
"Ghyundai  Travels",664
"Gill Travels",665
"Giridhar Tours And Travels",666
"Girija Travels",667
"Giriraj Travels",668
"Giriraj  Travels Amalner",669
"Girnar Travels",670
"Giroba Travels",671
"Gk  Travels",672
"Glint Bus",673
"Global Holidays Adventure Tours",674
"Global Travel Agency (Gta)",675
"Global    Travels",676
"Global   Travels",677
"Gms Logistics India Pvt Ltd",678
"Gms Tours And Travels",679
"Go Bus (Telangana Tourism)",680
"Go Tour Travels And Holidays",681
"Goa Travels And Tourist Center",682
"Godara Travels",683
"Gogte Travels",684
"Gokral Logistics Pvt Ltd",685
"Gokul Tour And Travels",686
"Gokul Travels",687
"Gola Bus Service",688
"Golden",689
"Golden Holidays",690
"Golden Metrolink",691
"Golden Park Holidays",692
"Golden   Pearl Travels",693
"Golden Road Transport",694
"Golden Temple Express Volvo",695
"Golden Temple Volvo Bus Service",696
"Golden Travels",697
"Golden Travels",698
"Golden Travels",699
"Golden     Travels",700
"Golden    Travels",701
"Golden Travels Inc",702
"Goldline Super Deluxe",703
"Goldline Super Deluxe",704
"Goodwill Travels",705
"Gorakhdham Express Bus Service",706
"Gorsiya Travels",707
"Govindam Services",708
"Gowri Shankar Travels",709
"Gowthami Travels",710
"Goyal Travellers",711
"Goyal Travels",712
"Gpr  Travels",713
"Gps Travels",714
"Grace Travels",715
"Grand",716
"Grand Style Travels",717
"Grand Travels",718
"Grape City Travels",719
"Green  Line Express",720
"Green  Line  Travels",721
"Greenline Travels And  Holidays",722
"Green Tourist Service",723
"Greenline",724
"Greenline  Kerala",725
"Greenline Services",726
"Grs Travels",727
"Grt Travel",728
"Gsrtc",729
"Guardian Tour And Travels",730
"Guardian  Travels",731
"Gujarat     Travels",732
"Gujarat Travels  Surat",733
"Gulzar Tour And Travels",734
"Gulzar Tours And Travels",735
"Gupta Travels",736
"Guru Kripa Travels",737
"Guru Nanak Transport Agency",738
"Guru Tours And Travels",739
"Gurukripa Travels And Cargo",740
"Gurukrup Travels",741
"Guruprasad Tours Andtravels",742
"Guruvayurappa Travels",743
"Gv Travels",744
"Gvd Travels",745
"H R Travels",746
"H S Bus",747
"H S India Tour And Tour",748
"H.P. Travels",749
"Hakimi Tours And Travels",750
"Hamad Transport",751
"Hamsa Tours And Travels",752
"Hans Travels",753
"Hanuman Travels",754
"Happy Tours And Travels",755
"Happy Travels",756
"Hardeo Lines",757
"Hare  Krishna Travels",758
"Hari Das Tour And Travels",759
"Hari  Sahoo Travels",760
"Hari Transport Company",761
"Hari Travels",762
"Haridham  Travels",763
"Harikesh Transport Company",764
"Harimadhav Travels",765
"Harisons  Travels",766
"Harshit Travels",767
"Hasan Travels",768
"Hebron Transports",769
"Heena   Travels",770
"Heera  Himachal Holidays",771
"Hegde Travels And Holidays",772
"New Sankalp Classic Travels",773
"Hello Uncle Travels",774
"Airport Bus And Taxi Express",775
"High5 Holidays",776
"Hill Queen Services",777
"Himachal Holiday Tours",778
"Himachal Holidays Volvo",779
"Himachal Pradesh Tourism Development Corporation (Hptdc)",780
"Himachal Roadlink Transport",781
"Himachal Tourist Volvo Bus",782
"Himachal  Volvo Bus Service",783
"Himachal Volvo Express",784
"Himachal  Volvo Tour",785
"Himalaya Travels , Aurangabad",786
"Himalayan Nomad Ktc",787
"Himgiri Advanture Tour",788
"Himmat Travels",789
"Hina Package Tour",790
"Hindusthan  Travels",791
"Hk Hirani Travels",792
"Hisar Travels",793
"Hk Travels",794
"Hkb Tours And Travels",795
"Hkb Travels",796
"Hm Kothari Travels",797
"Holiday Appeal",798
"Holiday Delights",799
"Holidays   Travels",800
"Honey Tours And  Travels",801
"Hrtc",802
"Humsafar Travels",803
"Humsafar    Travels",804
"Hyderabad Express Cargo Services",805
"I Bus Tours And Travels",806
"Ice Angels Tour And Travels",807
"Ice Apple",808
"Ideal Tours And Travels",809
"Ideal Travels",810
"Imaginary Travels",811
"Indani Travels",812
"Indhira  Travels",813
"India Impact Tour And Travels",814
"India  Tours And Travels",815
"India Tours And Travels Pune",816
"Indiaan Travels",817
"Indian Bus Services",818
"Indian Express",819
"Indian Travels Mumbai",820
"Indigo Travels",821
"Indira     Travels",822
"Indo Canadian Tpt.  Co",823
"Indo Canadian Transport Co.",824
"Indo Express",825
"Indore  Transport  Agency",826
"Indore Travels",827
"Indore Travels And Transport Co.",828
"Indra Travels",829
"Indu  Travels",830
"Indumati Travels",831
"Indus Bus",832
"Infant Jesus Travels",833
"Infinity Travel Solutions",834
"Inter City  Travels",835
"Intercity Travels  Indore",836
"Ss Travels",837
"International Tourist Center",838
"International Tourist Centre",839
"Ira Travels",840
"Isha Travel Express",841
"Ishaa Tours And Travels",842
"Isher Travels Pvt Ltd",843
"Ishika Traders",844
"Ishwar Hemant  Travels",845
"Ishwar Travels",846
"Island Travels",847
"Ismail Lucky Travels",848
"Its Udita Tours And Travels",849
"Its Udita Tours And Travels",850
"Ivar Travels",851
"J And D Travel (Kalpana Travels)",852
"J And D Travels",853
"J J Travels",854
"J K Travels",855
"Jabalpur City Transport Services Limited (Jctsl)",856
"Jabbar  Metro Travels",857
"Jabbar  Travels",858
"Jabbar Travels  Chennai",859
"Jabbar    Travels",860
"Jagadamba Travels",861
"Jagan Travels",862
"Jagannath Travels And Tours Pvt. Ltd.",863
"Jagdamb Tours And Travels",864
"Jagdamba Tourism",865
"Jagdamba Travel Service",866
"Jagdamba Travels",867
"Jageshwari  Travels",868
"Jagtial Tours And Travels",869
"Jaguar Travels",870
"Jahan Travels",871
"Jahantravels",872
"Jai Ambay Travelling Agency",873
"Jai Bajrang Travel Agency",874
"Jai Bhawani Tours And Travels",875
"Jai Dev Yatra",876
"Jai Durga  Travels",877
"Jai Hanuman Travels",878
"Jai Karthick Tours And Travels",879
"Jai Maa Durga Transport",880
"Jai Maa Travels",881
"Jai Maaruthi Travels",882
"Jai  Mata  Di  Travels",883
"Jai Mata Di  Travels",884
"Jai Mata Ji Travels",885
"Jai  Mata Di Travels",886
"Jai Sai Travels Shirdi",887
"Jai Shree Ganesh Travels",888
"Jai Shree Ganesh Yatra Company",889
"Jai Shri Ganesh Yatra Company",890
"Jai Shrinath Ji Ki  Travels",891
"Jai Shrinath Travels",892
"Jai Siyaram Travels",893
"Jai Sri Bharath Travels",894
"Jain Mahaveer Travels",895
"Jain Pareek Travels",896
"Jain Parshwanath  Travels",897
"Jain Parshwanath Travels",898
"Jain Shiv Shankar Travels",899
"Jain    Travels",900
"Jain Travels Dekho India Dekho",901
"Jain Travels Regd",902
"Jain Travels Shivpuri",903
"Jain Travels(Regd)",904
"Jairam  Classic",905
"Jaishree Travels",906
"Jaisuriya Travels",907
"Jakhar  Travels",908
"Jalaram Darshan Travels",909
"James Tours And Travels",910
"Jamna Travels",911
"Jamna Travels India",912
"Jamna Travels Jammu",913
"Janatha  Travels",914
"Jathin Travels",915
"Jay Babaraj  Travels",916
"Jay Bhavani Travels,Vashi",917
"Jay Bherunath  Travels",918
"Jay Daleshwar Travels",919
"Jay Dwarkadhish Tours And Travels",920
"Jay Dwarkadhish Travels",921
"Jay Gurudev Travels",922
"Jay  Jalaram Express (Bhadani)",923
"Jay Jalaram Travels",924
"Jay Khodiyar  Travels",925
"Jay Mahakali Travels",926
"Jay Meldi Tours And Travels Pvt. Ltd.",927
"Jay Murlidhar Travels",928
"Jay Ramanandi Bus Service",929
"Jay Ramkrishna Bus Service",930
"Jay Santaji Tours And Travels",931
"Jay Shihori Travels",932
"Jay Shree Krishna Travels",933
"Jay Swaminarayan Travels",934
"Jay Tours And Travels",935
"Jay   Travels",936
"Jay Travels",937
"Jaya Tours And Travels",938
"Jayam   Travels",939
"Jayanthi Travels",940
"Jayashree Travels",941
"Jayavilas Bus",942
"Jaypee Travels",943
"Jbg Tours And Travels",944
"Jbs   Travels",945
"Jbt     Travels",946
"Jbt Travels ( Direct Vellore)",947
"Jebamani Travels",948
"Jeeva Travels",949
"Jeron Travels",950
"Jerusalem  Travels",951
"Jet Blazer Crusier",952
"Jet Bus",953
"Jeyamurugan Travels",954
"Jhajjz Transport",955
"Jharkhand Paryatak",956
"Jihan Luxury Travels",957
"Jijau Tours And Travels",958
"Jivdani Tours And Travels",959
"Cmb J J  Travels",960
"Jkk Travels",961
"Jkm Travels",962
"Jksrtc",963
"Jms Travels",964
"Jogeshwari Enterprises",965
"John  Travels",966
"Jolly Tours And Travels",967
"Josh Bus",968
"Joshi Tours And Travels",969
"Jotiba Transolutions",970
"Joy Maa Tara Electronics",971
"Joy Ramkrishna Bus Service",972
"Jpa Travels",973
"Jpr Travels",974
"Jr  Travels",975
"Jrs  Happy  Travels",976
"Jst Travels",977
"Jts Muthalib Travels",978
"Jts Tours And Travels",979
"Sr Travels",980
"Jts Travels (Jabbar)",981
"Jtv Travels",982
"Jugnu Tours And Travels",983
"Jujhar Travels",984
"Junior Thangamayil Travels",985
"Jyothika  Travels",986
"Jyoti  Travels  Mumbai",987
"Jyotiba Tours And Travels",988
"K K Tour And Travels Regd",989
"K.M Travels",990
"K P  Travels",991
"K R Jakhar Travels",992
"K.S Travels",993
"K T Siddhanath Travels",994
"Kabra   Travels",995
"Kadri Travels",996
"Kailash Tour And Travels",997
"Kailash Travels",998
"Kaimur King",999
"Kakadiya Travels",1000
"Kalamurthy Travels",1001
"Kalaimakal Travels",1002
"Kalaimakal Travels(Pr)",1003
"Kalaiyar Travels",1004
"Kaleswari Travels",1005
"Kalika Shubham Travels",1006
"Kallada Travels G4",1007
"Kallada Travels",1008
"Kaloji Transport",1009
"Kaloji Travels",1010
"Kalpaka   Travels",1011
"Kalpana Bus",1012
"Kalpana Tour And Travels Mandsaur",1013
"Kalpana Travels",1014
"Kalpana Travels 7",1015
"Kalpana Travels Kanpur",1016
"Kalpana Travels Pvt. Ltd.",1017
"Kalpna Travels",1018
"Kalra Bus Service",1019
"Kalyan Tours And Travels",1020
"Kalyan Travels",1021
"Kalyani   Travels",1022
"Kamakshi Tours And Travels",1023
"Kamal   Travels",1024
"Kamat Tourist",1025
"Kamla  Travels",1026
"Kamlesh Travel",1027
"Kanak  Travels",1028
"Kanchan  Holidays",1029
"Kancharla Tours And Travels",1030
"Kanchi King",1031
"Kanha",1032
"Kanker   Roadways",1033
"Kanker Roadways Pvt. Ltd.",1034
"Kanna  Travels",1035
"Kannan Bus Service",1036
"Kantipudi Travels",1037
"Kanva Tours And Travels Private Limited",1038
"Karan Maharaja Travels",1039
"Karan Tours And Travels",1040
"Karan   Travels",1041
"Karnavati Travels",1042
"Karthik Travels",1043
"Kartik Tours And Travels",1044
"Kartik  Travels",1045
"Karur Maaruti Travels",1046
"Kashmira Bus Service",1047
"Kataria Transport",1048
"Kathyani Travels",1049
"Kaushal Travels",1050
"Kaveri And Kamakshi Travels",1051
"Kaveri Enterprises",1052
"Kaveri Travels",1053
"Kaveri Travels And Tourist",1054
"Kavi Travels",1055
"Kavin Travels",1056
"Kavitha Travels",1057
"Kayesr Travels",1058
"Kbk Roadlines",1059
"Kbs Travels",1060
"Kcms Travels",1061
"Keerthana Travels",1062
"Keerthi Travels",1063
"Keerthna Travels",1064
"Kenson  Travels",1065
"Kerala  Lines",1066
"Kesani   Travels",1067
"Keshav Travels",1068
"Keshriyaji Eagle Travels",1069
"Ketki Holidays",1070
"Kfk Bus",1071
"Kgn  Bharathi Travels",1072
"Kgn Roadlines",1073
"Kgn Tours And Travels",1074
"Kgn Travels",1075
"Kgn   Travels",1076
"Kgn Travels Hyderabad",1077
"Kgr Ayyappa Travels",1078
"Khaja Sardar Travels Hyd",1079
"Khajuraho Travels",1080
"Khalsa Travels Agencies",1081
"Khamakshi Bus",1082
"Khan Bus Service",1083
"Khandesh Travels",1084
"Khapreshwar Tours And Travels",1085
"Kheteshwar Malani Travels",1086
"Khicha",1087
"Khichi Travels",1088
"Khurana Express Services",1089
"Khurana Roadlines",1090
"Khurana Travel Services",1091
"Khusboo Tours And Travels",1092
"Khushal  Travels",1093
"Khushbu Travels Sagar",1094
"Khushi Tourist",1095
"King Of Queen Travels And Transport",1096
"King   Travels",1097
"King Travels  Shirdi",1098
"Kingfisher   Translines",1099
"Kings Cruiser",1100
"Kings Holiday  Tours",1101
"Kings Travels",1102
"Kiran Travels",1103
"Kishor Bus Service",1104
"Kishore Travels",1105
"Kissan  Travels",1106
"Kk  Travels",1107
"Kkn Travels",1108
"Kkr Trans India",1109
"Kkr Travels",1110
"Kmbt  Travels",1111
"Kmr  Travels",1112
"Kmrl Kalaimakal",1113
"Kms Travels",1114
"Kn Nehra Travels",1115
"Knabi Tour And Travels",1116
"Knp Travels",1117
"Knr Tours And Travels",1118
"Kohinoor Travels",1119
"Kolhapur Tourist Center Travels",1120
"Komitla Travels",1121
"Konduskar Travels Pvt. Ltd.",1122
"Kongu Transport",1123
"Konkan Tours And Travels",1124
"Kothari Travel Regd.",1125
"Kothari Travels",1126
"Kottes Travels",1127
"Koushiki Travels",1128
"Kpn Travels",1129
"Krashnika  Travels",1130
"Krashnika Travels Pune",1131
"Krc Travel Access",1132
"Krc Travels",1133
"Krish  Travels",1134
"Krishna Bus Service",1135
"Krishna Rath",1136
"Krishna Tours And Travels",1137
"Krishna      Travels",1138
"Kvt Narmada",1139
"Krl Travels",1140
"Krs  Travels",1141
"Krsna   Travels",1142
"K.S Travels",1143
"Ksa Travels",1144
"Ksb Toursand Travels",1145
"Ksbc Travels",1146
"Kshatriya Bandhu",1147
"Ksm Travels",1148
"Ksr   Travels",1149
"Keralartc",1150
"Kstdc",1151
"Ktc Sagar Travels",1152
"Ktc Travels Kolhapur",1153
"Ktcl",1154
"Kts Travels",1155
"Kudrat Tour And Travels",1156
"Kukkeshree  Travels",1157
"Kumar  Tours And Travels",1158
"Kumar   Travels",1159
"Kundu Tour And Travels",1160
"Kundu Travels",1161
"Kurunchi Travels",1162
"Kusuma Travels",1163
"Kutti Bus",1164
"Kvb Travels",1165
"Kvn Tourism And Travels",1166
"Kvr Sai Ram Travels",1167
"Kvr Tours And Travels",1168
"Kyros Connects",1169
"L.D. Motors",1170
"L K  Travels",1171
"L N Gupta Transport",1172
"Labbaik Tours And Travels",1173
"Lady Diana Travels",1174
"Ladybird  Travel Services",1175
"Laharisa Tours And Travels",1176
"Lake City Travels",1177
"Lakecity Travels",1178
"Lakhanlal Roadways",1179
"Lakshana Travels",1180
"Lakshmi Gayatri Travels",1181
"Lakshmi   Travel",1182
"Lakshmi Travels",1183
"Lal Baba Travels",1184
"Lal Transports",1185
"Lalan  Travels",1186
"Lalu Bus Balaghat",1187
"Lama  Travels",1188
"Lambodar Tours And Travels",1189
"Lavanyas Travels",1190
"Lavi Travels",1191
"Laxman Tours And Travels",1192
"Laxmeswar",1193
"Laxmi Holidays",1194
"Laxmi  Narayan Travels",1195
"Laxmi Shatabdi Travels",1196
"Laxmi  Tours And  Travels",1197
"Laxmi  Travelers",1198
"Laxmi Traveller",1199
"Laxmi Travels",1200
"Laxmi Travels  Pune",1201
"Legend Bus Services",1202
"Lemon Travels",1203
"Libra Bus Service",1204
"Libra Bus Service Pvt Ltd",1205
"Limoliner Travels",1206
"Limousine Transit",1207
"Limra Travel Agency",1208
"Limra Travels",1209
"Limra   Travels",1210
"Lingan   Travels",1211
"Lingineni Travels",1212
"Lnt Enterprises",1213
"Lokenath Bus Service",1214
"Lotus Tours And Travels",1215
"Lovely Travels",1216
"Lucky Bus Service",1217
"Lucky Tours And Travels",1218
"Lucky Tours And Travels",1219
"Lucky Translink",1220
"Lucky Travels",1221
"Lucky Travels Dombivali",1222
"Lucky    Travels",1223
"Lukshmi Narayan Travels(Lnt",1224
"Luxury Bus",1225
"Luxury Logistics",1226
"Lv Travels",1227
"Lvr Travels",1228
"M B Travels",1229
"M J Bhati Travels Jjn",1230
"M K Travels",1231
"M K Travels",1232
"M M K Travels",1233
"M R Travels",1234
"M/S Manika Travels",1235
"Maa Adishakti Express",1236
"Maa Baneshwari Travels Kothari Group",1237
"Maa Bhawani Travels",1238
"Maa Parwati Travels",1239
"Maa Pitambari Travels Shivpuri",1240
"Maa Service",1241
"Maa Shanti Travels",1242
"Maa Sharada Bus Service",1243
"Maa Travels",1244
"Maa Vaishno Devi",1245
"Maa Vaishno Travels",1246
"Maa Vaishno Travels Kanpur",1247
"Maan Travels",1248
"Maan   Travels",1249
"Maaruthi Travels",1250
"Madhan Travels(Chen)",1251
"Madhav  Travels",1252
"Madhavi  Travels",1253
"Madhudevi Travels",1254
"Madina Express",1255
"Madineni Car Travels",1256
"Madras Travels And Tours Pvt, Ltd",1257
"Madura Tours And Travels",1258
"Madurai Balajee Tours & Travels",1259
"Madurai Harsha Travels",1260
"Madurai  Meenakshi  Travels",1261
"Madurai Meenakshi Travels",1262
"Madurai Mullai Travels",1263
"Madurai Pandian",1264
"Madurai Radha Travels",1265
"Madurai Xpress",1266
"Magical Express",1267
"Mahadev Travels",1268
"Mahadev Travels Agency",1269
"Mahadev  Travels",1270
"Mahadev Travels Pilani",1271
"Mahakali Travels",1272
"Mahakali Travels Mumbai",1273
"Mahalakshmi  Travels",1274
"Mahalaxmi Tours",1275
"Mahalaxmi Tours And Travels",1276
"Mahalaxmi Tours And  Travels",1277
"Mahalaxmi Travels",1278
"Mahalaxmi   Travels",1279
"Mahalaxmi     Travels",1280
"Mahalaxmi      Travels",1281
"Mahalaxmi Travels And Tours",1282
"Mahalaxmi Travels Jalna",1283
"Mahalaxmi Travels",1284
"Maharaja Bus",1285
"Maharaja Tours And Travels",1286
"Maharaja Travels",1287
"Maharaja  Travels",1288
"Maharaja Travels",1289
"Maharaja Travels And Transport",1290
"Maharani Express",1291
"Maharani Transport",1292
"Maharani Travels",1293
"Maharashtra  Travels",1294
"Maharashtra Travels  Pune",1295
"Mahasagar Travels",1296
"Matrukrupa Travels",1297
"Mahasagar Travels",1298
"Mahavat Tours And Travels",1299
"Mahaveer Travels",1300
"Mahaveer    Travels",1301
"Mahaveer Travels Agency",1302
"Mahaveer Travels  Company",1303
"Mahavir Logistics",1304
"Mahek Tours And Travels",1305
"Mahendra Rajhans Travels",1306
"Mahendra Asha Travels",1307
"Mahendra      Travels",1308
"Mahendra     Travels",1309
"Mahesh Travels",1310
"Maheshwaram Travels",1311
"Maheswari Travels",1312
"Mahi Travels",1313
"Mahuli Travels",1314
"Maitree Tourism",1315
"Majestic Travels",1316
"Malkan  Travels",1317
"Man Sarovar Bus Service",1318
"Manasa Travels",1319
"Manasvi Roadlines",1320
"Mangaldeep",1321
"Mangalmurti Tours And Travels",1322
"Mangalmurti Travels",1323
"Mango Bus",1324
"Mango Travels",1325
"Manikanta Travels",1326
"Manikanta Travels",1327
"Manish Konduskar  Travels",1328
"Manish Travel",1329
"Manish  Travels",1330
"Manish Travels  Goa",1331
"Manish Travels",1332
"Sai Balaji Tours And Travel",1333
"Manjushree Travels",1334
"Manjushree Yatayat (P)  Ltd",1335
"Mankachar Riders",1336
"Manmandir  Travels Aurangabad",1337
"Mansi Roadlines Pvt. Ltd",1338
"Mansi Tours And Travels",1339
"Mansi Travel India",1340
"Mansi Travels Pune",1341
"Mantri Travels",1342
"Manu Tourist",1343
"Margic Transports",1344
"Mariya Tours And Travels",1345
"Maruthi Tours And Travels",1346
"Maruti Travels",1347
"Mateshwari Travels",1348
"Matoshree Tours And Travels",1349
"Matoshree Travels Dombivali",1350
"Matt Travels",1351
"Mauli Tours And Travels",1352
"Mayura Bus",1353
"Mayuree   Travels",1354
"Mayuri Travels",1355
"Mayurra  Travels",1356
"Mazel Travels",1357
"Mb Link  Travels",1358
"Mbc Fleets Tours And Travels",1359
"Mbt Travels",1360
"M.D Travels",1361
"Md Travels Pune",1362
"Meena Tours And Travels",1363
"Meenakshi Transport Smt",1364
"Meenakshi  Travels",1365
"Meera Tours And Travels",1366
"Meera  Travels",1367
"Meghali Travels",1368
"Meghana   Travels",1369
"Mercedes Benz Bus Service",1370
"Mercy Travels",1371
"Metro Parshwanath Travels Udr",1372
"Metro Star Services",1373
"Metro Translines",1374
"Metro    Travels",1375
"Metro Travels",1376
"Metroxpress",1377
"Mettur  Super Services",1378
"Mg Travels",1379
"Mgm    Travels",1380
"Milan Travels (Jaipur)",1381
"Milan  Travels",1382
"Mishra Paribahan",1383
"Mishra Transport Co",1384
"Mishra Transport Service",1385
"Mithra  Travels",1386
"Mitra Travels",1387
"Mjt   Travels",1388
"M.K. Bus Service",1389
"Mk Transports",1390
"Mks Travels",1391
"Mkt Travels",1392
"M.L.T",1393
"Mmk Travels",1394
"Mmm Travels",1395
"Mn Travels",1396
"Mnt Express",1397
"Modern  Travels",1398
"Modern Travels Mumbai",1399
"Modi Travels",1400
"Mohan Transport Solutions",1401
"Mohan Travels (Ghatge Patil Transport Ltd)",1402
"Mohan Travels  (Ghatge Patil Transport Ltd.)",1403
"Mohana Ramana Tours And Travels",1404
"Mohapatra Travels",1405
"Monikanchon",1406
"Monorama Travels",1407
"Mookambika   Travels",1408
"Moon Light Travels",1409
"Moon Light Travels Katra",1410
"Moonlight Holidays",1411
"Moonlight  Travels",1412
"More Travels",1413
"Morning  Star  Travels",1414
"Morya Travels",1415
"Moumita Paribahan",1416
"Moyo Travels",1417
"Mozo Travels",1418
"Mr Travels",1419
"Mr Travels Company",1420
"Mr Travels India",1421
"Mr Travels Rlps",1422
"Mrl Travels",1423
"Mrm Travels",1424
"Ms Apple Tours And Travels",1425
"Msh Travels",1426
"Msm Transport",1427
"Msrtc",1428
"Muhil Tours  And Travels",1429
"Mujahid Travels",1430
"Mukesh  Travels",1431
"Muktai Travels Jamner",1432
"Multani Sona  Travels",1433
"Muneer Travels",1434
"Munna Tour And Travels",1435
"Murad Travels",1436
"Murahara Travels",1437
"Murali Krishna Travels",1438
"Murlidhar Travels",1439
"Musafir Travels Aurangabad",1440
"Muskaan Tours And Travels",1441
"Muskan Travels",1442
"Muthu Ajith Travels",1443
"Muthu Travels",1444
"Muthumari Travels",1445
"Muzain Travels",1446
"Mva Travels",1447
"My Travels Bus",1448
"N  D  Travels",1449
"Naanal Travels",1450
"Nafees Travels  Pvt Ltd",1451
"Naga Travels",1452
"Nagashree Travels",1453
"Nagbai Travels",1454
"Naik Tours And Travels",1455
"Naik Travels Goa",1456
"Naina Travels",1457
"Naitik Travels",1458
"Nakoda Garden City Tours And Travels",1459
"Nakoda  Sv Travels",1460
"Nakoda Travels , Ahmednagar",1461
"Nakoda Travels Btc",1462
"Nakoda Travels Goa",1463
"Nakoda   Travels",1464
"Nakoda    Travels",1465
"Nallamani Travels",1466
"Namasivaya Travels",1467
"Namaste Bihar",1468
"Nambardar Tourist Company",1469
"Nambor Transport",1470
"Namdev Travels",1471
"Nanban Travels",1472
"Nand   Travels",1473
"Nandan Travels",1474
"Nandan Travels Seoni",1475
"Nandini  Travels",1476
"Nandu V.K. Travels",1477
"Nanis Sai Krishna  Travels",1478
"Nani Svkdt Travels",1479
"Nanjil Travels",1480
"Narayanamoorthy Tours And Travels",1481
"Narayanamoorthy  Travels",1482
"Narayanamoorthy Travels Chennai",1483
"Naresh Travels",1484
"Narmada  Travels",1485
"Nas Travels",1486
"Nataraj Travels",1487
"Natchiya Travels",1488
"National Express Ntho",1489
"National Holiday Travels",1490
"National Tourist",1491
"National    Tourist",1492
"National   Tourist",1493
"National Tourist Gtm",1494
"National Tourist Kolhapur",1495
"National          Travels",1496
"National Travels (Ntsb)",1497
"National     Travels",1498
"National Travels (Abd)",1499
"National Travels Chn",1500
"National Travels,Goa",1501
"National  Travels  Madurai",1502
"National  Travels",1503
"National Travels Ntn",1504
"National Travels Ntsb",1505
"National Travels  Pune",1506
"Natkar Travels",1507
"Natraj Bus",1508
"Natraj   Travels",1509
"Navalai    Travels",1510
"Navalai   Travels",1511
"Navdeep Travels And Transportation Company",1512
"Naveen Tour And Travels",1513
"Naveen Tours And Travels",1514
"Naveen Transport",1515
"Naveen Travels",1516
"Navin  Travels",1517
"Navkar  Travels",1518
"Navneet Travels",1519
"Navneet Travels Akot",1520
"Navrang Travels",1521
"Nawal Travels",1522
"Naxalbari Himalayan Co Operative Transport Society",1523
"Nayagi Travels",1524
"Nayan Travels",1525
"Nbs Travels",1526
"Nbstc Operated By Super Travels",1527
"Neelkamal Travels",1528
"Neelkanth Express Vintech",1529
"Neelkanth Madhuram Travels",1530
"Neelkanth  Travels",1531
"Neeraj Motors And Travels",1532
"Neeta Tours And Travels",1533
"Neeta Tours And Travels",1534
"Neevee Travels",1535
"Nehra Travels",1536
"Neliza Tours And Travels,Goa",1537
"Nelson Travels",1538
"Nepalgunj Tours And Travels",1539
"Network Travels (Tanuj Travels )",1540
"New Akash Travels Aurangabad",1541
"New Apex Chandra Travels",1542
"Ashok    Travel",1543
"New Ashoka Travels",1544
"New Babu Travels",1545
"New Balaji Travels",1546
"New Bharat Travels",1547
"New  Bharat  Travels",1548
"New Blossom Tour And  Travels",1549
"New Chakadola Travels",1550
"New Chandra Lok",1551
"New Deccan Travels",1552
"New Deep Bus Service",1553
"New Deep Travels",1554
"New Dharti Travels",1555
"New Ekta Travels",1556
"New Fateh Bus Service Regd",1557
"New Golden Travels",1558
"New Guru Kanshi Transport Co.",1559
"New Harikesh Travel",1560
"New Himalaya Travels",1561
"New India Travels",1562
"New Jagdamba Travels",1563
"New Jeevan Bus Service",1564
"New Jeewan Bus Service",1565
"New Kalpana Travels",1566
"New Kalpana Travels.77",1567
"New Khaira Transport",1568
"New Kongu Travels",1569
"New Kothari Travels",1570
"New Loksewa Travels",1571
"New Lucky Travels",1572
"New Lucky Travels Shirdi",1573
"New Maa Shivani",1574
"New Maha Laxmi Travels",1575
"New National Travels",1576
"New Navyug Travels",1577
"New Pal  Tour And Travel",1578
"New Panna Transport Company",1579
"New Patel Travels",1580
"New  Patel  Travels",1581
"New Patel Travels Chhapi",1582
"New Payal Travels",1583
"New Pooja Travels",1584
"New Prathmesh Travels",1585
"New  Raj  Travels",1586
"New Raja Travels, Amravati",1587
"New Safar Tours And Travels",1588
"New Sahara  Travels",1589
"New Satnam Travels",1590
"New Sharma Travels Latur",1591
"New Shatabdi Travels",1592
"New Shree Mahaveer Travels",1593
"New  Shreeraj Travels",1594
"New Skyline Travels",1595
"New Travel India",1596
"New Uncle   Travels",1597
"New United  Travels",1598
"New Varday Tour And Travel",1599
"New Yukta Tours And Travels",1600
"Nh Safari Tours And Travels",1601
"Ni3 Bus",1602
"Nida Travels",1603
"Night Queen Bus Service",1604
"Night Queen Bus Service",1605
"Night Rider Travels (Ajinkya) Pune",1606
"Nila   Travels",1607
"Nilamadhab Travels",1608
"Nilamadhab Travels",1609
"Nilamadhaba  Travels",1610
"Nilkamal  Travels",1611
"Nilkamal Travels",1612
"Nilkanth Travels",1613
"Nine Global Inc",1614
"Nirmal Travel   Agency",1615
"Nirmal Travels",1616
"Nirman Travels",1617
"Nishan Travels",1618
"Njk Super Travels",1619
"Njk Travels",1620
"Nk Travels",1621
"Nky  Roadways",1622
"Nmc Travels",1623
"Nmn Travels",1624
"Nmpk Travels",1625
"Nnl Travels",1626
"No  1 Air Travels",1627
"Noor Travels.",1628
"North India Transport",1629
"Northern Travels",1630
"Northern Travels",1631
"Northway Holidays",1632
"Nrj Tours",1633
"Nrt",1634
"N.S Travels",1635
"Nsb Tours",1636
"Nta Express",1637
"Nta  Express",1638
"Ocean Travels",1639
"Om Aashuruchi Tours And Travels",1640
"Om Maa Bus Service",1641
"Om Maa Sharda   Travels",1642
"Om Sai Baba Tour And Travels",1643
"Om Sai Ganesh Travels",1644
"Om Sai Ram Bus Services",1645
"Om Sai  Ram  Travels",1646
"Om Sai Tours And Travels",1647
"Om Sairaj Travels",1648
"Om Sairam Enterprises And Tourism",1649
"Om Shanti Travels",1650
"Om Shivam Travels",1651
"Om  Shree Travels",1652
"Om Shrinath Tours And Travels",1653
"Om Travels",1654
"Om Travels",1655
"Omer  Travels",1656
"One Way Taxi",1657
"Onkar Tours And Travels",1658
"Online Go",1659
"Optiprods Business Solutions Private Limited",1660
"Orange Tours And Travels (Nizamabad)",1661
"Orange Travels",1662
"Orbit Aviation Private Limited",1663
"Orchha Travels",1664
"Ortive Travels",1665
"Oscar Travels",1666
"Osm  Travels",1667
"Osrtc",1668
"Osrtc Operated By Greenline",1669
"Ovr Tours And Travels",1670
"Ovr  Travels",1671
"P.G Travels",1672
"P K Travels",1673
"Paavan Bus Service",1674
"Paavan   Travels",1675
"Padikkal  Travels",1676
"Padmalaya Travels",1677
"Padmesh Travels",1678
"Pal  Bus Services",1679
"Pal Travel Lines",1680
"Palani Jothi Travels",1681
"Paliwal Travels",1682
"Pallavi Madhya Pradesh Parivahan Travels",1683
"Pallavi Travels",1684
"Pammi Travels",1685
"Pandit Travels",1686
"Panwar Travels",1687
"Papps Travels.",1688
"Pappu Luxury(Chetak Luxury Tourism Pvt Ltd.)",1689
"Paradizo Travels",1690
"Parameswar Travels",1691
"Paras   Travels",1692
"Paras    Travels",1693
"Pareek Travels",1694
"Parhiz Trade And Transport Pvt.Ltd.",1695
"Pari   Travels",1696
"Parmod Travels",1697
"Parshwanath Holidays",1698
"Parshwanath Travel Pvt. Ltd",1699
"Shree Parshwanath Travels  Ahmedabad",1700
"Parth Travels",1701
"Paruvanikal Tours And Travels",1702
"Parveen  Travels",1703
"Patel  Eagle  Travels",1704
"Patel Travels",1705
"Patel Tours And Travels Solapur",1706
"Patel Travel Services",1707
"Patel Travels  Jaipur",1708
"Patel Travels Lufthanza",1709
"Patel Tours And Travels",1710
"Patel Travels Sagwra",1711
"Patel Travels Surat",1712
"Pathibhara Parivahan",1713
"Patil Travels",1714
"Paul Travels",1715
"Paulo Travels",1716
"Paulo Travels Nagpur",1717
"Paulo Travels Maharaja",1718
"Pavan    Travels",1719
"Pavan   Travels",1720
"Pavan Travels Jnd",1721
"Pavan Travels Junagadh",1722
"Pavandeep Travels",1723
"Pavit Tours And Travels",1724
"Pavithram Travels",1725
"Pawan Putra",1726
"Pawan Rath Travels",1727
"Pawan Tourist",1728
"Pawan Travels",1729
"Pawan Travels  Indore",1730
"Pawan Travels Mumbai",1731
"Pawan Travels Shirdi",1732
"Pawan Usha Travels",1733
"Pawapuri Motors",1734
"Pawas Travels",1735
"Payal Travels",1736
"Payal Travels Durg",1737
"Pee Gee Travels",1738
"Pegwar Indore",1739
"Pegwar Travels",1740
"Pepsu",1741
"Perista Transline",1742
"Phoenix Travels",1743
"Pitambara Saroj Travels",1744
"Pitambra Travels",1745
"Pjs Trekkers Private Limited",1746
"Pk Infratech",1747
"Pkr Travels",1748
"Pmd Travels",1749
"Pnk Srt    Travels",1750
"Pooja Paraswnath Travels",1751
"Pooja  Travels",1752
"Pooja Travels.",1753
"Pooja      Travels",1754
"Pooja Travels Nagpur",1755
"Pooja Yaduvanshi Travels",1756
"Poojaa Travels",1757
"Poonam New Kothari Travels",1758
"Poorna Travels",1759
"Poornima Tours",1760
"Popury Travels",1761
"Porkalam Travels",1762
"Poulami Paribahan",1763
"Pr Travels",1764
"Pr  Travels",1765
"Prabh Bus Service",1766
"Prabhat Travels",1767
"Pradhan Travels",1768
"Pragathi Tourist  Corporation",1769
"Pragathi Travels",1770
"Pragaya Travels",1771
"Prajan Roadlines",1772
"Prakash Travels",1773
"Pranav Travels",1774
"Pranjit Travels (Under Astc)",1775
"Prasanna Purple Mobility Solutions Pvt Ltd",1776
"Prasanna  Travels",1777
"Prasanna Vidarbha Queen Travels",1778
"Prashant Tours And Travels",1779
"Prashant Tours And Travels",1780
"Praveen Travels",1781
"Prayag Travels",1782
"Preet Travels",1783
"Preetham Heights",1784
"Preethi Tours  And Travels",1785
"Preeti Tours And Travels",1786
"Pride Travels And Cargo",1787
"Prigo Travels",1788
"Prince Travels",1789
"Prince Travels",1790
"Prithvi Vahan",1791
"Priti Travels",1792
"Priyanka    Travels",1793
"Prk Travels",1794
"Prm Roadways Pvt Ltd",1795
"Pro Active Journey Management Pvt Ltd",1796
"Ps Choudhary Bus",1797
"Psk Travels",1798
"Psm Travels",1799
"Psna Travels",1800
"Psna Travels",1801
"Psr Tours And Travels",1802
"Pss Transport",1803
"Puducherry Road Transport Corporation (Prtc)",1804
"Puja Rath",1805
"Puja Transport",1806
"Punchiry Travels And Holidays",1807
"Puneet Bus Service",1808
"Punjab     Travels",1809
"Punjab    Travels",1810
"Puri Jagannadh Tours And  Travels",1811
"Purnima Travels",1812
"Purnimaa Travels",1813
"Purple Metrolink",1814
"Purvanchal  Tour And Travels",1815
"Pushkraaj Pentabus Travels And Logistics",1816
"Pushpak Travels",1817
"Pvr Pothula Travels",1818
"Pvr Tours And Travels",1819
"Pvs Tours And Travels",1820
"Quike Travels",1821
"R D Tours And Travels",1822
"R Fernandes Tours And Travels",1823
"R J Fouzdar Bus Service",1824
"R J  Travels",1825
"R K Travels Bhavnagr",1826
"R S Bus",1827
"R.S Yadav Travels",1828
"R V N R Travels",1829
"Raahath   Transport",1830
"Raana  Tours And Travels",1831
"Rachna Travels Akola",1832
"Radha Prem Travel Agency",1833
"Radhaa Ji Travels",1834
"Radhakrishna   Travels",1835
"Radhaprem Travels Aurangabad",1836
"Radhey Travels",1837
"Radhika Tours And Travels",1838
"Radhika Travel",1839
"Radhika Travells",1840
"Radhika Travels",1841
"Raghav Travels",1842
"Raghava Travels",1843
"Raghu Travels",1844
"Raghunandan Travels Surat",1845
"Raghuvanshi Travels",1846
"Raghuveer   Travels",1847
"Rahi Travells",1848
"Rahi Travels Aurangabad",1849
"Rahi Travels, Aurangabad",1850
"Rahul Travels",1851
"Rahul Travels Indore",1852
"Rai Bus Service",1853
"Rainbow Travels",1854
"Raj Bus Services",1855
"Raj Express Travels",1856
"Raj Hans Travels",1857
"Raj Himachal  Holidays",1858
"Raj Kalpana Travels",1859
"Raj Laxmi Travels",1860
"Raj Ratan Tours And Travels",1861
"Raj Shila Travels And Cargo",1862
"Raj Tour And Travels",1863
"Raj Tours And Travels",1864
"Raj Travels",1865
"Raj Travels",1866
"Raj Travels And Hoiday Package",1867
"Raj Travels Basti And Transport",1868
"Raj Travels(Express)",1869
"Raj Travels Jhunjhunu",1870
"Raj Travels Shirdi",1871
"Raja Rani Travels",1872
"Raja Travels",1873
"Rajaguru Travels",1874
"Rajam  Travels",1875
"Rajammal  Travels",1876
"Rajan  Travels",1877
"Rajanigandha Travels",1878
"Rajarani Travels",1879
"Rajasthan Desert Holiday",1880
"Rajat Travels",1881
"Rajdeep Travels",1882
"Rajdhani Bus Service",1883
"Rajdhani Bus Services",1884
"Rajdhani Bus Sewa",1885
"Rajdhani Express",1886
"Rajdhani Travels",1887
"Rajdhani Travels Ambikapur",1888
"Rajdhani Travels Corporation",1889
"Rajdhani Travels",1890
"Rajdhani Travels Shidhpur",1891
"Rajdhani Travels",1892
"Raje Tours And Travels",1893
"Rajendra Tours And Travels",1894
"Rajesh Transports",1895
"Rajeswari Travels",1896
"Rajgagan Travels",1897
"Rajguru Travels",1898
"Rajhans Travels, Anjangaon",1899
"Rajkamal   Travels",1900
"Rajlaxmi Travel",1901
"Rajlaxmi Travels",1902
"Rajlaxmi Travels(Udr)",1903
"Rajmandir Travels",1904
"Rajmata Travels",1905
"Warang Tours And Travels",1906
"Rajmudra Tours And Travels",1907
"Rajnandini Tours And Travels",1908
"Rajpreet Sunveera Travels",1909
"Rajpreet Travels",1910
"Rajpreet Travels Jaipur",1911
"Rajshakti Travels",1912
"Rajwadi New Jalaram Travels",1913
"Rajwadi Travels",1914
"Rajwadi Travels",1915
"Ram Dalal Holidays",1916
"Ram Janki Tours And Travels",1917
"Ram Rath Travels Cargo Pvt Ltd",1918
"Ram Tours And  Travels",1919
"Ramana Tours And Travels",1920
"Ramani   Travels",1921
"Ramdev Tours And Travels",1922
"Ramdev Travels",1923
"Ramdev Travels",1924
"Ramdhenu Travels",1925
"Ramesh Travels",1926
"Rameshwar Tours And Travels",1927
"Rameshwar Travels",1928
"Ramleela Tours And Travels",1929
"Ramraj Tours And Travels",1930
"Rams Travels",1931
"Ramu   Travels",1932
"Ramya    Travels",1933
"Rana Motors Tour And Travels",1934
"Ranawat Travels",1935
"Rangoli Travels",1936
"Rani Travels",1937
"Ranveer Travels",1938
"Rao Tourist Services Private Limited",1939
"Rao Travels Heights",1940
"Raomilan Travels",1941
"Rathi Tour And  Travels",1942
"Rathimeena  Travels",1943
"Rathore Bus Services",1944
"Rathore Travel Agency",1945
"Rathore  Travels",1946
"Rathore Travels Madho",1947
"Ratnagiri Transport",1948
"Ravi Gajraj Travels",1949
"Ravi Krishna Travels",1950
"Ravi Multani Sona",1951
"Ravi Travel And Tour Inc",1952
"Ravi Travels",1953
"Ravi Travels Jalore",1954
"Ravindra Travels",1955
"Rayan Travels",1956
"Rayan Travels(R)",1957
"Rayeen Travels",1958
"Raza Travels",1959
"Rbn Travels",1960
"Rbt Travels",1961
"Rc Travels",1962
"Real Travels",1963
"Red Apple Bus Service",1964
"Red Express Travels",1965
"Red Line Tour And Travels",1966
"Redbus Temple Tours",1967
"Reddy Express Tours And Travels",1968
"Regal Cruiser Travels",1969
"Relax  Holiday",1970
"Reliance Travels",1971
"Renuka Tours And Travels",1972
"Renuka Travels",1973
"Reo India Travels Pvt. Ltd",1974
"Reshma Tourist",1975
"Reshma Travels",1976
"Rewar  Travels",1977
"Rhyno",1978
"Richhariya Bus Service",1979
"Riddhi Travels",1980
"Ridul Holidays Tour",1981
"Rinku Shekhawat Travels",1982
"Rinku Travels",1983
"Rishabh     Travels",1984
"Rishi India Travels",1985
"Riya Tours &Travels",1986
"Rk Bajrang Travels",1987
"Rk Sagar Travels",1988
"Rk Travels",1989
"Rk Travels",1990
"Rkg Travels",1991
"Rkk Travels",1992
"Rkn Transqueen",1993
"Rks Travels",1994
"Rkt Tours And Travels",1995
"Rlt",1996
"Rlt Travels",1997
"Rmb Travel Agency",1998
"Rmj Travels",1999
"Rms Travels",2000
"Rohani Travels",2001
"Rolsun Travels",2002
"Roma Travels",2003
"Roshan Ansari",2004
"Roshan Tours And Travels",2005
"Royal Bengal",2006
"Royal Cars",2007
"Royal Chhabra Travels",2008
"Royal  Coach  Travels",2009
"Royal Cruiser",2010
"Royal Comfort Express L L P",2011
"Royal India Travels",2012
"Royal Prince Bus Service",2013
"Royal Safari India Travels",2014
"Royal Tour And Travels",2015
"Royal Tourist",2016
"Royal Tourist Services  Pune",2017
"Royal Tours And Travels",2018
"Royal Tours And Travels",2019
"Royal Tours And Travels  Goa",2020
"Royal Tours And   Travels",2021
"Royal         Travels",2022
"Royal Travel Agency Shirdi",2023
"Royal      Travels",2024
"Royal Travels Aurangabad",2025
"Royal Travels Delhi",2026
"Royal Travels Hills",2027
"Royal       Travels",2028
"Royal    Travels",2029
"Royal  Travels",2030
"Rp Rajasthan Travels",2031
"Rp Tours And Travels",2032
"Rpm Travels",2033
"R.P.N Travels",2034
"Rr Travels",2035
"Rr  Travels",2036
"Rs Chandra Travels",2037
"R.S Yadav Travels",2038
"Rsr Tours And Travels",2039
"Rsr   Travels",2040
"Rsrtc",2041
"Rst Roadways",2042
"R.S.T Volvo",2043
"Rtc Choudhary Travels",2044
"Rts Royal Tourist Service Pvt. Lt.",2045
"Rtt Bus Service",2046
"Ruby Tours And Travels",2047
"Rudra Tours & Travels",2048
"Rudra Travels",2049
"Rudraksh Travels",2050
"Rudranee Travels(Under Astc)",2051
"Rukma Travels",2052
"Run Travels",2053
"Rupanjali Travels",2054
"Rupohi Kanya Travel  Pvt Ltd.",2055
"Rv Transport",2056
"Rytham Tours And Travels",2057
"S B T Tours And  Travels",2058
"S.K.N Travels",2059
"S K Tours And Travels",2060
"S Kanade Transline",2061
"S N Travels",2062
"S R A Travels",2063
"S.R.E Travels (Ananth Group)",2064
"S R T",2065
"S R Traders",2066
"S R Travels",2067
"S R Travels",2068
"S V Tours And Travels",2069
"Saanvi Travels",2070
"Sabar Travels",2071
"Sabco Bus",2072
"Saburi Travels Shirdi",2073
"Sachin Kumar Tours And Travels",2074
"Sachin Travels",2075
"Sachkhand Travels",2076
"Sadguru  Travels",2077
"Sadguru   Travels",2078
"Sadhika Travels",2079
"Sadhvi Rath",2080
"Sadiq Tours And Travels",2081
"Safar Express Tour And Travels",2082
"Safar Travels And Cargo",2083
"Saffari  Travels",2084
"Saffron Travel Solutions",2085
"Sagar Kanya",2086
"Sagar Tours And Travels",2087
"Sagar Travels",2088
"Sagar Travels , Beed",2089
"Sagufta Travels",2090
"Sagwan Travels",2091
"Saha And Co.",2092
"Sahara Bus Service",2093
"Sahara Tourist",2094
"Sahara Tours And Travels",2095
"Sahara Travells",2096
"Sahara Travels",2097
"Sahara   Travels",2098
"Sahiba Travels India",2099
"Sahil Bus Service (Delhi)",2100
"Sahil Tours And Travels",2101
"Sahu Transport",2102
"Sahyadri Tours And Travels",2103
"Sai Abhishek Tours And Travels",2104
"Sai Anand",2105
"Sai  Arpan  Travels",2106
"Sai Arpan Travels Shirdi",2107
"Sai Baba Travels",2108
"Sai  Baba Travels",2109
"Sai Balaji Travels",2110
"Sai Darshan Travels",2111
"Sai  Dasari Travels",2112
"Sri Sai Atmaram",2113
"Sai Ganesh Travels",2114
"Sai Krishna Luxury",2115
"Sai Krupa Travels",2116
"Sai Maya Tours And Travels",2117
"Sai Mudra Travels",2118
"Sai Nidhi Travels",2119
"Sai Pooja Tours And Travels",2120
"Sai Pooja Travels",2121
"Sai  Prasanna Tours And Travels",2122
"Sai Pratik  Travels",2123
"Sai Raj Tours And Travels",2124
"Sai Ratna Travels",2125
"Sai Rk Travels",2126
"Sai Rucha Tours And Travels",2127
"Sai Sanvika Travels",2128
"Sai Sarvam Travels",2129
"Sai Shanmuga Tours And Travels",2130
"Sai Shraddha Tours And Travels",2131
"Sai Sindhu Travels",2132
"Sai Sree Travels",2133
"Sai Srinivasa Travels",2134
"Sai Swaroopa Travels",2135
"Sai Tarun Tours And Travels",2136
"Sai Tourist",2137
"Sai Tours And Travels",2138
"Sai Travels",2139
"Sai  Travels",2140
"Sai  Travels Chembur",2141
"Sai Vedant Tours And Travels",2142
"Sai Venkata Ramana Travels",2143
"Sai Virbhadra Travels",2144
"Sai Yatra Company",2145
"Sai Yatra Travels",2146
"Saichha Travels Shirdi",2147
"Saidhan Neeta Holiday Travels",2148
"Saikrupa Transport Pvt. Ltd",2149
"Saimaya Travel House",2150
"Sainath Travel Agency",2151
"Saini Palace Travels",2152
"Saini Travels",2153
"Saini  Travels Pvt. Ltd.",2154
"Saipooja Travels",2155
"Sairaj Travels Mumbai",2156
"Sairam Tours And Travels",2157
"Sairath Travels  Agency",2158
"Saish Travels Mumbai",2159
"Saiyana   Travels",2160
"Sajiri Travels",2161
"Sakthi Tours And Travels",2162
"Salabham Travels",2163
"Salasar Travels",2164
"Saleem  Travels",2165
"Sam  Tourist",2166
"Sam Tours And Travels",2167
"Samantha Travels",2168
"Samanvi Travels",2169
"Samarth Travels",2170
"Samay Shatabdi Travels",2171
"Samai Travels Pune",2172
"Samay Travels",2173
"Samrat Delux",2174
"Samrat Tours And  Travels",2175
"Samrat Travels",2176
"Samrat Travels Pune",2177
"Samreen Travels",2178
"Samy Tour And Travels",2179
"Samy Travels",2180
"Sana  Travels",2181
"Sana   Travels",2182
"Sanadi Tourism",2183
"Sandeep Travels",2184
"Sandhya Travels",2185
"Sangetamtravels, Akola",2186
"Sanghita Bus Service",2187
"Sangita Shalimar Tourist Mumbai",2188
"Sangita Travel  Agency",2189
"Sangita Travels",2190
"Sangitam Travels",2191
"Sanjana Travels",2192
"Sanjay Tours And  Travels",2193
"Sanjay    Travels",2194
"Sanjay Travels Malad",2195
"Sanjay  Travels Nagpur",2196
"Sanjay Travels Travels",2197
"Sanjh Rao Travels",2198
"Sanjh Travels",2199
"Sankalp Tours And  Travels",2200
"Sanskriti  Sharma Tourist Services",2201
"Sant Prayag Tours And Travels",2202
"Santosh Tours And Travels",2203
"Santosh Travels",2204
"Sapthagiri   Travels",2205
"Sara Travels",2206
"Saral Yatra",2207
"Saranaa Travels",2208
"Saraswat Travels",2209
"Saraswati Tours And Travels",2210
"Saraswati Travels",2211
"Sarathi Tours And Travels",2212
"Sarda Tours And Travels",2213
"Sardar   Travels",2214
"Sarjai  Travels (Sai Leela)",2215
"Sarthi Tours And Travels",2216
"Sastha Travels",2217
"Satadhar Travels",2218
"Sathyam Travels",2219
"Satnam   Travels",2220
"Satyam Travels",2221
"Savera Carriers And Contractors Pvt.Ltd.",2222
"Savera Tours And Travels",2223
"Saw Traders",2224
"Sbr Nakoda Travels",2225
"Sbr Travels",2226
"Sbrs Tours And Travels",2227
"Sagunthala Bus Travles Sbt",2228
"Sds Transport",2229
"Sea Breeze Travel Ticketing Agency",2230
"Sea Bird Tourist",2231
"Seahorse Holidays",2232
"Seema Pooja Travels",2233
"Seema Travels",2234
"Seenu Travels",2235
"Selva Murugan Travels",2236
"Selvam Travels",2237
"Senthur Spm Travels",2238
"Seoni Roadways",2239
"Sethi Yatra Company",2240
"Seven Hills Tourism",2241
"Seven Hills Travels",2242
"Seyon Transports",2243
"Sgk Travels",2244
"Sgr Travels",2245
"Sgs Travels",2246
"Shah Holiday",2247
"Shailesh Travels",2248
"Shailu Tour And Travels",2249
"Shakeel Kanker Travels",2250
"Shakmbhari Travels",2251
"Shakti Travels",2252
"Pallavi Parivahan",2253
"Shakuntala Travels",2254
"Shalom Career",2255
"Shalom Travels",2256
"Stc Holidays",2257
"Shama Sardar Travels Hpm",2258
"Shama  Transport",2259
"Shangrila Tours And Travels",2260
"Shankara Travels",2261
"Shanmuganandha Travels",2262
"Shanta Travels",2263
"Shantanu Travels",2264
"Shanthi Travels",2265
"Shanti Deluxe",2266
"Shanti Surbhi Tours And Travels",2267
"Sharad Travels",2268
"Shared Car Ride    By Ibiboryde",2269
"Sharma Tour And Travels",2270
"Sharma Tourist",2271
"Sharma Tourist And Operators",2272
"Sharma Travel",2273
"Sharma Travel Agency",2274
"Sharma Travels",2275
"Sharma Travels",2276
"Sharma Travels Jalna",2277
"Sharma Travels",2278
"Sharma Transports",2279
"Sharma   Travels",2280
"Sharmila Tours And Travels",2281
"Sharpline Tours And Travels",2282
"Shatabdi Travels",2283
"Shatabdi    Travels",2284
"Shatabdi Travels And Cargo",2285
"Shatabdi Travels Gwl",2286
"Shatabdi Travels Indore",2287
"Sheetal Travels, Akola",2288
"Sheethal Travel",2289
"Shefali Travels",2290
"Sheikhupura Coach",2291
"Shekhar Travels",2292
"Shekhawat Travels",2293
"Sheraton Travels",2294
"Sherowali Tour And Travels",2295
"Shiddhi Vinayak Royal Star Travels",2296
"Shihori Travels",2297
"Shilpa Travels",2298
"Shilu Travels",2299
"Shine Star Luxury Coach And Cargo Pvt. Ltd",2300
"Shitla Travels",2301
"Shiv Bhole Nath Travels",2302
"Shiv Charan Travels",2303
"Shiv Ganga Travel",2304
"Shiv Ganga Travels",2305
"Shiv Holidays",2306
"Shiv Sai Travels , Amravati",2307
"Shiv  Sai  Travel Agency",2308
"Shiv  Shakti  Travels",2309
"Shiv Shakti Travels Una",2310
"Shiv Travels Agency, Amravati",2311
"Shiva Sai Travels",2312
"Shivaai Travels",2313
"Shivam Transport",2314
"Shivam    Travels",2315
"Shivam Travels",2316
"Shivam Travels",2317
"Shivam Travels Surat",2318
"Sivani Travels",2319
"Shivbaba Tours And Travels",2320
"Shivdhara Travels",2321
"Shivnath Travels",2322
"Shivshakti Travels",2323
"Shree Abhishek Travels",2324
"Shree Ashtavinayak Travels",2325
"Shree Balajee City Connnect Bus",2326
"Shree Balaji Tours And Travels",2327
"Shree  Balaji Travels",2328
"Shree Balaji Travels.",2329
"Shree Bansidhar Travels",2330
"Shree Bapa Sitaram Travels",2331
"Shree Bhumi Travels",2332
"Shree Charbhuja Travels Cbt",2333
"Shree Chaudhari Travels",2334
"Shree Devnarayan Travels",2335
"Shree Durga Tours And Travels",2336
"Shree Durga Travels   Jalgaon",2337
"Shree Dwarkadhish Travels And Cargo",2338
"Shree  Gajanan  Travels",2339
"Shree Ganesh  Tours And  Travels",2340
"Shree Ganesh Tours And Travels Kalyan",2341
"Shree Ganesh Travels",2342
"Shree Ganesh Yatra Sangh",2343
"Shree Ganraj Roadlines",2344
"Shree  Ganraj Travels",2345
"Shree Ganraj Travels Jalgaon",2346
"Shree Gayatri  Travels",2347
"Shree Gorakhnath Yatra",2348
"Shree Hare Krishna Tour And Travels",2349
"Shree Hari Tours And Travels",2350
"Shree Hari Travels",2351
"Shree Indira Tours And Travels",2352
"Shree Jagdamba Travels",2353
"Shree  Jalaram Viral",2354
"Shree Karni Maharaja Travels",2355
"Shree Karni Travels",2356
"Shree Khatu Shyam Travels",2357
"Shree Khurana Travels",2358
"Shree Khurana Travels",2359
"Shree Kolekar Tours And Travels",2360
"Shree Krishna Travels",2361
"Shree Krishna   Travels",2362
"Shree Krishna Travels",2363
"Shree   Krishna Travels",2364
"Shree Krishna Varun Travels",2365
"Shree Kukke Travels",2366
"Shree Kumar Travels",2367
"Shree  Laxmi Travels",2368
"Shree Laxmi Yatra",2369
"Shree Mahadev Tour And Travels",2370
"Shree Mahalaxmi Travels",2371
"Shree Maharaja Tours And Travels",2372
"Shree Mahaveer   Travels",2373
"Shree Mahaveer Travels",2374
"Shree Mahaveer Travels Jaipur",2375
"Shree Manmandir Travels Kalyan",2376
"Shree Maruti Krupa Travels And Cargo Pvt Ltd",2377
"Shree   Modi Travels",2378
"Shree Murlidhar Travels",2379
"Shree Nakoda Travels",2380
"Shree  Nath Travel",2381
"Shree Parshuram Travels",2382
"Shree   Parshwanath Travels",2383
"Shree Parshwanath Travels Badi Sadri",2384
"Shree Parshwanth Travels And Cargo",2385
"Shree Patel  Travels",2386
"Shree Pramukhraj Travels",2387
"Shree Prathamesh Travels",2388
"Shree Radhe Travels",2389
"Shree Raj Travels",2390
"Shree Rajdeep Travels",2391
"Shree Rajlaxmitravels, Pune",2392
"Shree Ram Travels",2393
"Shree Ramkrupa  Travels",2394
"Shree Ramraj Travels",2395
"Shree Ramraj Travels Agency",2396
"Shree Ratnaraj Travels",2397
"Shree Renuka Travels",2398
"Shree  Rishabh Eagle Travels",2399
"Shree Rk Travels",2400
"Shree Sahjanand Travels",2401
"Shree Sai Balaji Tours And Travels",2402
"Shree Sai Travels",2403
"Shree Sai Travels Pune",2404
"Shree Samarth Krupa Travels",2405
"Shree Samarth Travels",2406
"Shree Saptshrungi Travels",2407
"Shree Saroj Travels",2408
"Shree Satguru Travels",2409
"Shree Shambhu Karan Travels",2410
"Shree Sharad Narayan Travels",2411
"Shree Sharada Bus Service",2412
"Shree Sharma Travels",2413
"Shree Shyam Travels Jaipur",2414
"Shree Siddhivinayak Travels Ambernath",2415
"Shree Sitaram Travels",2416
"Shree Srm Tours And Travels",2417
"Shree Swami Samarth",2418
"Shree Swami Samarth Travels",2419
"Shree Swami Travels Jalgaon",2420
"Shree Tara Travels",2421
"Shree Travels",2422
"Shree Vijay  Travels",2423
"Shree Vishwakarma Travels",2424
"Shree Vitthala Travels",2425
"Shree Durga Travels",2426
"Shreee Vitthala Travels",2427
"Shree Ganesh Travels",2428
"Shreeji Travels Agency",2429
"Shreeji Travels Morbi",2430
"Shreenath Metro Travels",2431
"Shreenath Tour And Travels",2432
"Shreenath Tours And Travels",2433
"Shreenath Tranns Connect",2434
"Shreenath Travelers",2435
"Shreenath Travellers Udr",2436
"Shreenath Yadav Travels",2437
"Shreeraj   Travels",2438
"Shree Vijay Tours And Travels",2439
"Shresh Rath",2440
"Shreya Roadlines",2441
"Shreyas Travels",2442
"Shreyash Travels",2443
"Shri Ambika Travels",2444
"Shri Ashirvad Tours And Travels",2445
"Shri Babu Travels",2446
"Shri Baghyalakshmi Travels (Sblt)",2447
"Shri Balajee Tufan Deluxe",2448
"Shri Balaji Travel Delhi",2449
"Shri Balaji Travels",2450
"Shri Balaji Travels Khandwa",2451
"Shri Bhagiyalakshmi Travels",2452
"Shri Chirag Travel Agency",2453
"New Gajanan Travels",2454
"Shri Ganesh Travels",2455
"Shri Ganesh Travels, Akot",2456
"Shri Ganesh Yatra Tour And Travels",2457
"Shri Girieshwaran Travels",2458
"Shri Hare Rama Travels",2459
"Shree Hari Travels",2460
"Shri Krishna  Travels",2461
"Shri Lakshmi Sai Insulation",2462
"Shri Madhuraja Transports",2463
"Shri Mahadev Travelss",2464
"Shri Mallinath Travels",2465
"Shri Maruti Travels",2466
"Shri Om Travels",2467
"Shri Padmalaya Tours And Travels",2468
"Shri Parshwanath Travels Jaipur",2469
"Shri Ram Tours And Travels",2470
"Shri Ram Travels",2471
"Shri Ram Travels",2472
"Shri  Rishabh Travels",2473
"Shri Sadguru  Travels",2474
"Shri Sai Travels Jai Guru Ji",2475
"Shri Sai Travels,Shirdi",2476
"Shri Sairaj Tours And Travels",2477
"Shri Sairam Travels",2478
"Shri  Sairam Travels",2479
"Shri Shakti Tour And Travels",2480
"Shri Shanti Travels",2481
"Shri Sidhanath Travels",2482
"Shri Swaminarayan Tours And Services Pvt.Ltd.",2483
"Shri Swaminarayan Travels",2484
"Shri Vashu Travels",2485
"Shri Visakan Travels",2486
"Shri Vishwa Tours And Travels",2487
"Shri Vishwakarma Travels",2488
"Shridevi Travels",2489
"Shrijee Travels",2490
"Shrimanti Tours And Travels",2491
"Shrinath Nama Travel Agency",2492
"Shrinath Nandu Travels",2493
"Shrinath Nandu Travels Delhi",2494
"Shrinath Tours And Travel",2495
"Shrinath Travel",2496
"Shrinath Travel Agency",2497
"Shrinath Travel  Agency Nashik",2498
"Shrinath Travel And Transport Agency.",2499
"Shrinath     Travels",2500
"Shrinath Travels",2501
"Shrinath Travels Gwalior",2502
"Shrinath Travels Baroda",2503
"Shrinathji Travels",2504
"Shriphal  Travels",2505
"Shrisidh Baba Travels",2506
"Shriya Travels",2507
"Shubh Sanket Travels",2508
"Shubh Yatri Holidays",2509
"Shubham Holiday",2510
"Shubham Travels",2511
"Shubham Travels",2512
"Shubhra Sharma Tourist Services",2513
"Shyam Enterprises",2514
"Shyam Travels",2515
"Shyam Travels Ahmedabad",2516
"Shyamala Travels",2517
"Shyamoli Paribahan Pvt. Ltd.",2518
"Shyamoli Yatri Paribahan",2519
"Shyamoli Yatri Paribahan",2520
"Siddaganga Tours And Travels",2521
"Siddhanath Tours And Travels",2522
"Siddharath Tour And Travels",2523
"Siddharth Travels",2524
"Siddhi Vinayak Travels",2525
"Siddhi Vinayak Travels",2526
"Siddhivinayak Travels",2527
"Sifat  Tours And Travels",2528
"Sigaram Travels",2529
"Sigma Tour And Travels",2530
"Sikandar Travels",2531
"Sikarwar Travels",2532
"Sikha Manglam Travels",2533
"Silky Travels",2534
"Silvermoon Travels",2535
"Sima Five Star Travels",2536
"Simhapuri Travels",2537
"Singh Brothers",2538
"Singh Bus Service",2539
"Singh Tour And Travel",2540
"Singh Travels",2541
"Siri  Tours And Travels",2542
"Sisira  Travels",2543
"Sitara Tours And Travels",2544
"Sitara Travels",2545
"Sitara Travels",2546
"Sitaram Tours And Travels",2547
"Siva Amr Tours And Travels",2548
"Sivanandha Travels",2549
"Sjt Nellai",2550
"Sk Balu Bus",2551
"Sk Jai Travels",2552
"Sk Jain Travels",2553
"Skbs Travels",2554
"Skd  Rvr Travels",2555
"Skm  Travels",2556
"Skn  Travels",2557
"Skr Travels",2558
"Skr Travels",2559
"Sks Logistics",2560
"Sks Tourist Corporation (Regd)",2561
"Sks Travels",2562
"Sks Travels",2563
"Skt Radhika Travels",2564
"Skt Travels",2565
"Sky Bus",2566
"Sky Line Travels",2567
"Sky Travels",2568
"Skycity Travels",2569
"Skyline Travels",2570
"Skynet Travels",2571
"Skypack Express And Logistics Lmt",2572
"S.L  Travels",2573
"Slh Tours And Travels",2574
"Slns Travels",2575
"Subhiksha Travels",2576
"Slv Jpt Tours & Travels",2577
"Slv  Travels",2578
"Sma Travels",2579
"Smart Line Travel",2580
"Smb Travels",2581
"Smd Tours And Travels",2582
"Smit  India Travels",2583
"Smj Travels",2584
"Smpk Travels",2585
"Smr Travels",2586
"Smrs Tours And Travels",2587
"Sms Tours And Travels",2588
"Smt Travels",2589
"Snemita Paribahan",2590
"Snemita Parisheba",2591
"Snow Region Tours",2592
"Sobnam Travels(Under Astc)",2593
"Sodha Travels",2594
"Somnath Travels",2595
"Sona Travels",2596
"Sonax Transport",2597
"Sonia Travels",2598
"Sorna Travels",2599
"Soumya Travels Vapi",2600
"South Bengal State Transport Corporation (Sbstc)",2601
"South Carnival Travels",2602
"Southern Express Travels",2603
"Southern Tourist",2604
"Sowmiya Travels",2605
"Spd Travels",2606
"Speedlink Travels",2607
"Speedways Travels",2608
"Spg Travels",2609
"Spice Kerala Holidays",2610
"Spoorthi Agencies  (Ap Tourism)",2611
"Sps Travels India",2612
"Sr Prathika Travels",2613
"Sr Tours And Travels",2614
"Sravan’S Travels",2615
"Sre Travels",2616
"Sree Gajanana Motor Transport Co Ltd",2617
"Sree  Hanuman Travels",2618
"Sree Jagannath Travels",2619
"Sree Jothi Travels (Gomathi)",2620
"Sree Kaleswari Translines",2621
"Sree Kannathal Travels",2622
"Sree Kkr Tours And Travels",2623
"Sree Kondareddy Travels",2624
"Sree Kongu Transport",2625
"Sree Lakshmi Tours And Travels",2626
"Sree Mallika Travels",2627
"Sree Pnr Travels",2628
"Sree Sivasankar Travels",2629
"Sree Sln Travels",2630
"Sree  Travels",2631
"Sreeram Liners",2632
"Srh Travel",2633
"Sri Abiraami Travels",2634
"Sri Adhinath  Travels",2635
"Sri  Amaravathi  Travels",2636
"Sri Amarnath Travels",2637
"Sri Annai Travels",2638
"Sri Annam Travels",2639
"Sri Annamalaiyar  Travels",2640
"Sri Annapurna Travels",2641
"Sri  Atluri Travels",2642
"Sri Avs Travels",2643
"Sri Ayyan Travels",2644
"Sri Bagyalakshmi Travels",2645
"Sri Bala Tours And Travels",2646
"Sri  Balajee Travels",2647
"Sri  Balaji  Tourist",2648
"Sri Balaji  Transports",2649
"Sri Benaka  Travels",2650
"Sri Bhagiyalakshmi Tours And Travels",2651
"Sri Brunda Travels",2652
"Sri Bst Travels",2653
"Sri Durga Malleswari Travels",2654
"Sri Durga Motors",2655
"Sri Durga Tourist",2656
"Sri Durga Travels",2657
"Sri Durgamba Transway Pvt Ltd.",2658
"Sri Durgamba Travels",2659
"Sri Gajanana Motor Transport (Sgmt)",2660
"Sri Gajapathy Travels",2661
"Sri Ganapathy  Travels",2662
"Sri Godavari Travels",2663
"Sri Hari Travels",2664
"Sri Harish Travels",2665
"Sri Jai Bharath Travels",2666
"Sri Jayavilas Travels, Che",2667
"Sri Jothi Lakshmi Travels",2668
"Sri Kaleswari Brothers",2669
"Sri Kanaka Durgra Travels",2670
"Sri Kankadurga Travels",2671
"Sri Karpaga Vinayaga Travels",2672
"Sri Karthikeya Travels",2673
"Sri Krishna  Rath",2674
"Sri Krishna Tour And Travels",2675
"Sri Krishna Tour And Travels",2676
"Sri  Krishna  Travels",2677
"Sri   Krishna Travels",2678
"Sri Kumaran Travels",2679
"Sri Kvr Travels",2680
"Sri Lakshmi Ganapathi Travels",2681
"Sri Lakshmi Travels",2682
"Sri  Lakshmi   Travels",2683
"Sri Laxmi  Travels",2684
"Sri Maha Transport",2685
"Sri Mahadevi Motors",2686
"Sri Mallikarjuna Travels",2687
"Sri Manikanta Travels",2688
"Sri Manisha Travels And Transports",2689
"Sri Mathi Travels",2690
"Sri Muniratnam Motors",2691
"Sri Murugan Travels",2692
"Sri Muthulakshmi Travels",2693
"Sri Mvt Travels",2694
"Sri Nandini Travels",2695
"Sri Nanis Tours And Travels",2696
"Sri Paadhaa Tours And Travels",2697
"Sri Padmavathi Travels",2698
"Sri Palani Murugan Travels",2699
"Kks Travels",2700
"Sri Raghavendra Travels",2701
"Sri Rajalakshmi Travels",2702
"Sri Rajesh Travels",2703
"Sri Ram Travels",2704
"Sri Ramajayam Travels",2705
"Sri Renganathan Travels",2706
"Sri Renu Travels",2707
"Sri  Renugambal Travels",2708
"Sri Sai Balaji Travels",2709
"Sri Sai Ganesh  Travels",2710
"Sri Sai Nath Tours And Travels",2711
"Sri Sai Ram Tours And Travels",2712
"Svr Tours And Travles(Sss Travels)",2713
"Sri Sai Tourist",2714
"Sri Sai Travels",2715
"Sri Saiyana Travels",2716
"Sri Shiva Sai Travels",2717
"Sri Sm Travels",2718
"Sri Sms Travels",2719
"Sri Someshwara Travels",2720
"Sri Srinivasa Bus",2721
"Sri Srinivasa  Travels",2722
"Sri Sst Travels",2723
"Sri Surya Travels",2724
"Sri Svr Travels",2725
"Sri Swathi Travels",2726
"Sri Thirumagal Travels",2727
"Sri Tourist",2728
"Sri Tulasi Tours And Travels",2729
"Sri Vallabai Tours And Travels",2730
"Sri Varalakshmi  Travels",2731
"Sri Vasu Travels",2732
"Sri Vee Gee Travels",2733
"Sri Veeralakshmi Travels",2734
"Sri Vengamamba Bus Transport Pvt Ltd",2735
"Sri  Venkata  Padmavathi  Travels",2736
"Sri Venkatachalapathy Tours And Travels",2737
"Sri Venkateshwara Tours And Travels",2738
"Sri Venkateshwara Travels",2739
"Sri  Vignesh Travels",2740
"Sri Vijaya Durga Travels",2741
"Sri Vijayalakshmi  Travels",2742
"Sri Vijayalaxmi Travels",2743
"Sri Vinayaka Motors",2744
"Sri Vinayaka Travels",2745
"Sri Vivek Travels",2746
"Srikunja",2747
"Srinivasa Tours And Travels",2748
"Srinivasa Travels",2749
"Sriramjee Benz",2750
"Sriramjee Travels",2751
"Srivari Travels",2752
"Sri Venkataramana  Travels",2753
"Srk Tours And Travels",2754
"Srm Travels",2755
"Srs Travels",2756
"Srs Travels",2757
"Ss Bundiwal Travels",2758
"Ss Gangeshwar Travels",2759
"S.S Travels",2760
"S S  Travels",2761
"Ss Travels (Hubli)",2762
"Ss Travels Kalyan",2763
"Ssa Tours And Travels",2764
"Ssb Tour And Travels",2765
"Ssk Kumar Travels",2766
"Sss Travels",2767
"Sst Travels",2768
"Ssv Travels",2769
"St.Antony'S Travels",2770
"St Christopher Travels",2771
"St Travels",2772
"Stallion Roadways Pvt Ltd",2773
"Stallion Roadways Pvt Ltd",2774
"Star Linker Transport",2775
"Star Travels Adilabad",2776
"Star Travels Ujjain",2777
"Subbu Travels",2778
"Subhadeep Tour And Travels",2779
"Subhethra Travels",2780
"Subra Roadways",2781
"Subramanya Tours And Travels",2782
"Mahasagar(Sudama Travels)",2783
"Sudharsan Tours And Travels",2784
"Sudheer Travels",2785
"Sugam Travels",2786
"Sugam Yatra",2787
"Sugama  Tourist",2788
"Suhanee Travels",2789
"Suhara Travels",2790
"Sukirti Tourist",2791
"Sultan Travels",2792
"Suman Supreme Travels",2793
"Sumangali Travels",2794
"Sun Express Travels",2795
"Sun Light Travels",2796
"Sundesha Travels",2797
"Sundhararaaman Transports",2798
"Sunitha Tours And Travels",2799
"Sunrise Travels",2800
"Sunshine Travels",2801
"Sunway  Travels",2802
"Supaa   Travels",2803
"Super Power Travels",2804
"Supreme Travels",2805
"Supreme  Travels",2806
"Suraj Holidays",2807
"Suraj Travel And Cargo Services",2808
"Suraj Travels",2809
"Surana Travels",2810
"Surana Vishal Tour And Travels",2811
"Saheel Tours And Travels",2812
"Suriya Tours And Travels",2813
"Surya Connect",2814
"Surya Travels",2815
"Sushree Travels",2816
"Susila Travels",2817
"Suvarnamukhi Travels",2818
"Suyambu Adhiparasakthi Travels",2819
"Suyog Travels.",2820
"Sv Tours And Travels",2821
"Svd Travels",2822
"Svk Travels",2823
"Svkdt     Travels",2824
"Svm Services",2825
"Svr Tours And Travels",2826
"Svr  Tours And Travels",2827
"Svr Tours And Travels Bose Is Boss",2828
"Svr Travels Blr",2829
"Svs Travels",2830
"Svt Murali Krishna Travels",2831
"Svt  Travels",2832
"Swagat  Travels",2833
"Swagatam  Holidays",2834
"Swami Rameshwar Travels",2835
"Swami Tours And Travels",2836
"Swami  Travel",2837
"Swami Travels",2838
"Swami Travels",2839
"Swaminarayan  Travels",2840
"Shree Swaminarayan Travels",2841
"Swamy Ayyappa Travels",2842
"Swapna Super",2843
"Swapna Travels",2844
"Swapna Travels (Under Astc)",2845
"Swarajya Tours And Travels",2846
"Swarali Travels",2847
"Swarna Bhumi Express",2848
"Swarna Travels",2849
"Swaroopa   Travels",2850
"Swasti Travels",2851
"Sylvan Dee Transport",2852
"Syndicate Transport Service",2853
"Syndicate Travel Corporation",2854
"Syndicate  Travel Sion",2855
"Syndicate Travels, Aurangabad",2856
"Syndicate Travels  (India)",2857
"T S Royal Tours And Travels",2858
"Taj Express Bus Service Pvt Ltd",2859
"Taj National Express  Goa",2860
"Taj Tours And Travels",2861
"Taj Travels",2862
"Taldar Travels",2863
"Tamil Travels",2864
"Tanishka Holidays",2865
"Tanishq Holidays Tours",2866
"Tantia Travels And Cargo",2867
"Tcm Logistics",2868
"Tehri Garhwal Motor Owners Corproration Pvt Ltd.(Tgmoc)",2869
"Tejal  Travels",2870
"Tejas Travels",2871
"Tejonidhi Ventures Llp",2872
"Telangana Tourism",2873
"Telsang Tours And Travels",2874
"Telsang Travels",2875
"Teraiya Travels",2876
"Texcity Services",2877
"Thangam Travels",2878
"Thangamayil Travels",2879
"Thar Travels",2880
"Tharai Travels",2881
"Thasarathan Travels",2882
"The Abha Travels",2883
"The Zagirdara Travels",2884
"Thenmozhi Travels",2885
"Thilipan Travels",2886
"Thirumal Alaghu  Travels",2887
"Thirumala Travels",2888
"Thirumalaivasan  Transports",2889
"Thozan Ride",2890
"Thowheed Express Travels",2891
"Thunaivan  Travels",2892
"Tiger Travels",2893
"Tippu Sultan Travels Chni",2894
"Tirumala  Road Lines",2895
"Tirupati Travels Shirdi",2896
"Tiruttani Travels",2897
"Tisha Travels",2898
"Tiwari Travels",2899
"Tkr Travels",2900
"Tm Travels",2901
"Tma Holidays",2902
"Tmr Travels",2903
"Tna Travels",2904
"Tnstc",2905
"Tour King",2906
"Transit Translines",2907
"Tranz King Travels",2908
"Travel House",2909
"Travel House Delhi",2910
"Travel Inn",2911
"Travel N Shine",2912
"Travel  Point",2913
"Travel Point World Llp",2914
"Travel Star",2915
"Delhi Travels",2916
"Triguna Travels",2917
"Trimurti Tours And Travels",2918
"Trimurti Travels",2919
"Trimurti Travels",2920
"Trisha Travels",2921
"Trishul Transport Service",2922
"Trishul Travels",2923
"Tsrtc",2924
"Tss Tours And Travels",2925
"Ttp Tours And Travels",2926
"Ttt Travels",2927
"Tulsi Travels",2928
"Tushar Travels Akola",2929
"Tvls Travels",2930
"Tyga Logistics",2931
"Ubc Travels",2932
"Uday   Travels",2933
"Udayveer Travels",2934
"Uddan Bus Services Private Limited",2935
"Ufo Bus",2936
"Ullal Holidays",2937
"Uma Travels",2938
"Umashankar Transports",2939
"Umayal Travels",2940
"Umiya Tours And Travels",2941
"Umiya  Travels",2942
"Uncle   Travels",2943
"Uncle Travels",2944
"Unique Tour And Travels",2945
"Unity      Travels",2946
"Unity Travels",2947
"Unity Express",2948
"Universal Bus (Ubs)",2949
"Universal   Travels",2950
"Universal Travels(Uts)",2951
"Uppalapati   Travels",2952
"Upsrtc",2953
"Urvashi   Travels",2954
"Utc",2955
"V K Jain Travels",2956
"V Kaveri Travels",2957
"V.M. Babu Service",2958
"V2K Travels",2959
"Vaibhav Tours And Travels",2960
"Vaibhav   Travels",2961
"Vaibhav    Travels",2962
"Vaigai Travels",2963
"Vairam Travels",2964
"Vaishali Express",2965
"Vaishali Travels",2966
"Vaishanvi Tours And Travels",2967
"Vaishnavi Travels",2968
"Vaishnavi Travels",2969
"Vaishno Travels",2970
"Vaishno Yatra Travels",2971
"Vakratund Travels",2972
"Valan Tours And Travels",2973
"Valarmathi Smt",2974
"Valisetty Travels",2975
"Valleycon Travels",2976
"Vamshi Tours And Travels",2977
"Vandana  Travels",2978
"Vande Bharat Travels",2979
"Vansh Travels",2980
"Vanshri  Tours And  Travels",2981
"Varamalaxmi Tours And Travels",2982
"Vardan Travels",2983
"Vardhman Travels",2984
"Varsha Travels",2985
"Varun Tours And Travels",2986
"Varun Travels",2987
"Varun Travels",2988
"Varuna Travels",2989
"Vas Transport",2990
"Vasavi Travels",2991
"Vastavika Tours And Travels",2992
"Vasudev Travels",2993
"Vav Travels",2994
"Vayun Neeta Tours And Travels",2995
"Vbr Travels",2996
"Vedam Travels",2997
"Veekay Travels",2998
"Veenus Travels",2999
"Veer    Travels",3000
"Veera Travels",3001
"Veeru Travels",3002
"Vega Travels",3003
"Vega Vahini Roadlines India Private Limited",3004
"Veinaa Travels",3005
"Vekateshwara Travels",3006
"Vengai Tours And Travels",3007
"Venkateswara Tours And Travels",3008
"Venkteshwara  Travels",3009
"Venky Bus",3010
"Venus Travels",3011
"Verma Travels.",3012
"Verma Travels",3013
"Verma  Travels, Nagpur",3014
"Vetri Travels",3015
"Vetri Vinayagar Tours And Travels",3016
"Vgr Travels",3017
"Vhb Travels",3018
"Vibhav  Holidays",3019
"Vicky Travels",3020
"Vidarbha   Express Travels",3021
"Vidhan Tours And Travels",3022
"Vighnaharta Travels And Resort Pvt Ltd",3023
"Vignesh Tat",3024
"Vignesh  Travels",3025
"Vigneshwar Travels",3026
"Vihari Travels",3027
"Vijay Lines",3028
"Vijay Rath",3029
"Vijay Roadlines And Logistics",3030
"Vijay Shakti Travels",3031
"Vijay Tour And Travels",3032
"Vijay Travels",3033
"Vijayant   Travels",3034
"Vijayant Travels",3035
"Vikas   Travels",3036
"Vikas Travels And Cargo",3037
"Vikas Travels Jaipur",3038
"Vikram Sri Krishna Travels",3039
"Vikram Travels",3040
"Vinay Travels",3041
"Vinayaka   Travels",3042
"Vineet Tours And Travels",3043
"Vinod Bus Service",3044
"Vir Gurjar Devnarayan Travels",3045
"Virat Travels",3046
"Virendra Janta Travels",3047
"Vishal Datta Tours & Travels",3048
"Vishal Tourist",3049
"Vishal   Travels",3050
"Vishal     Travels",3051
"Vishkarma Nirman Travels",3052
"Vishnoi Tour And Travels",3053
"Vishnu Roadlines",3054
"Vishwa   Travels",3055
"Vishwakarma Nirman Travels",3056
"Vishwakarma Tour And Travels",3057
"Vishwakarma Travels",3058
"Vishwakarma Travels ( Ajmer )",3059
"Vitthala  Travels Shirdi",3060
"Vivegam Travels",3061
"Vivek Travels",3062
"Vivekanand Tours & Travels",3063
"Viwin Trans",3064
"V.K.Jain Marwar Travels",3065
"Vks Transport",3066
"Vkv Travels",3067
"Vns Travels",3068
"Vrc Enterprises",3069
"Vrcr Travels",3070
"Vrl Travels",3071
"Vrundavan Travels",3072
"Vs Tours",3073
"Vst Travels",3074
"Vv Vinayak Travels",3075
"Vvt Travels",3076
"Wadhwa Bus Service",3077
"Warang Tours And Travels",3078
"Wbtc (Ctc)",3079
"Wego Travels",3080
"Welcome Travel Agency",3081
"Welcome Travels",3082
"Welworth Tours & Travels",3083
"Wbtc",3084
"Westline Travels",3085
"Westline Travels Aurangabad",3086
"Wheels Tourist Transports",3087
"White Line Tours",3088
"Win  Tours And Travels",3089
"Wintana Bus",3090
"World Raja Rani Tours And Travels",3091
"Xena Holidays",3092
"Yadav Bus Service",3093
"Yadav Tour And Travels",3094
"Yadav Travel Jabalpur",3095
"Yadav Vishvkarma Tour And Travels",3096
"Yadunandan Travels",3097
"Yahweh Orbit",3098
"Yamani Travels",3099
"Yaseen Travels",3100
"Yash Shreenath Travels",3101
"Yash Yatra Tour  Organiser Mumbai",3102
"Yashika Travels",3103
"Yathra Logistics",3104
"Yatra",3105
"Yatra Guru Travels",3106
"Yatra Travels",3107
"Yatri Vihar Travels",3108
"Ybm Travels",3109
"Yellow Bus Services",3110
"Yellowpedal",3111
"Yes Boss",3112
"Yesaarkay Travels",3113
"Yogamaya Travels",3114
"Yogan Travels Thiruvottiyur",3115
"Yogesh Travels",3116
"Yogeshwari Travels",3117
"Yogi Travels",3118
"Yohalakshmi  Travel Agency",3119
"Yohalakshmi  Travels",3120
"Yolo Bus",3121
"Yuga Travels",3122
"Yukta Enterprises",3123
"Yukta Tours And Travels",3124
"Yuvaraj Travels",3125
"Zamindara Travels",3126
"Zee Travels",3127
"Zimindara Travels",3128
"Zingbus",3129
"Zook Logistics Private Limited",3130
"Zoom Bus (Ssk)",3131
"New Sagar Travels",3132
"Orange tours and travels",3133
"Diamond Tours & Travels",3134
"Morning star travels",3135
